DATETIME,open,close,high,low
2007-01-03,86.29,83.8,86.58,81.9
2007-01-04,84.05,85.66,85.95,83.82
2007-01-05,85.77,85.05,86.2,84.4
2007-01-08,85.96,85.47,86.53,85.28
2007-01-09,86.45,92.57,92.98,85.15
2007-01-10,94.75,97.0,97.8,93.45
2007-01-11,95.94,95.8,96.78,95.1
2007-01-12,94.59,94.62,95.06,93.23
2007-01-16,95.68,97.1,97.25,95.45
2007-01-17,97.56,94.95,97.6,94.82
2007-01-18,92.1,89.07,92.11,89.05
2007-01-19,88.63,88.5,89.65,88.12
2007-01-22,89.14,86.79,89.16,85.65
2007-01-23,85.73,85.7,87.51,85.51
2007-01-24,86.68,86.7,87.15,86.08
2007-01-25,87.111,86.25,88.5,86.03
2007-01-26,87.115,85.38,87.37,84.99
2007-01-29,86.3,85.94,86.65,85.53
2007-01-30,86.43,85.55,86.49,85.25
2007-01-31,84.86,85.73,86.0,84.35
2007-02-01,86.23,84.74,86.27,84.74
2007-02-02,84.12,84.75,85.25,83.7
2007-02-05,84.3,83.94,85.23,83.94
2007-02-06,84.45,84.15,84.47,82.86
2007-02-07,84.5,86.15,86.38,83.55
2007-02-08,85.43,86.18,86.51,85.41
2007-02-09,85.88,83.27,86.2,83.21
2007-02-12,84.43,84.88,85.18,83.63
2007-02-13,85.16,84.7,85.29,84.3
2007-02-14,84.63,85.3,85.64,84.57
2007-02-15,85.44,85.21,85.62,84.78
2007-02-16,85.25,84.83,85.41,84.66
2007-02-20,84.65,85.9,86.16,84.16
2007-02-21,85.98,89.2,89.49,85.96
2007-02-22,90.8,89.51,90.81,88.53
2007-02-23,89.16,89.07,90.34,88.85
2007-02-26,89.84,88.65,90.0,87.61
2007-02-27,86.3,83.93,87.08,83.41
2007-02-28,83.0,84.61,85.6,83.0
2007-03-01,84.03,87.06,88.31,83.75
2007-03-02,86.77,85.41,87.54,85.21
2007-03-05,85.89,86.3199,88.65,85.76
2007-03-06,87.8,88.19,88.31,87.4
2007-03-07,88.05,87.72,88.97,87.45
2007-03-08,88.59,88.0,88.72,87.46
2007-03-09,88.8,87.97,88.85,87.4
2007-03-12,88.07,89.87,89.99,87.99
2007-03-13,89.41,88.4,90.6,88.4
2007-03-14,88.6,90.0,90.0,87.92
2007-03-15,89.96,89.57,90.36,89.31
2007-03-16,89.538,89.59,89.99,89.32
2007-03-19,90.24,91.13,91.55,89.59
2007-03-20,91.35,91.48,91.84,91.06
2007-03-21,91.99,93.87,94.0,91.65
2007-03-22,93.73,93.96,94.36,93.0
2007-03-23,93.35,93.52,94.07,93.3
2007-03-26,93.99,95.85,95.9,93.3
2007-03-27,95.71,95.46,96.83,95.0
2007-03-28,94.88,93.24,95.4,93.15
2007-03-29,94.19,93.75,94.19,92.23
2007-03-30,94.28,92.91,94.68,92.75
2007-04-02,94.14,93.65,94.25,93.02
2007-04-03,94.14,94.5,95.23,93.76
2007-04-04,94.94,94.27,95.14,94.13
2007-04-05,94.12,94.68,94.68,93.52
2007-04-09,95.21,93.65,95.3,93.04
2007-04-10,93.67,94.25,94.258,93.41
2007-04-11,93.9,92.59,93.95,92.33
2007-04-12,92.04,92.19,92.31,90.72
2007-04-13,90.9,90.24,91.4001,90.0599
2007-04-16,90.57,91.43,91.5,90.25
2007-04-17,92.0,90.35,92.3,89.7
2007-04-18,90.16,90.4,90.85,89.6
2007-04-19,90.19,90.27,91.25,89.83
2007-04-20,90.889,90.97,91.18,90.55
2007-04-23,91.585,93.51,93.8,91.42
2007-04-24,93.96,93.24,96.39,91.3
2007-04-25,94.23,95.348,95.4,93.8
2007-04-26,101.6,98.84,102.5,98.3
2007-04-27,98.18,99.92,99.95,97.69
2007-04-30,100.09,99.8,101.0,99.67
2007-05-01,99.59,99.47,100.35,98.55
2007-05-02,99.65,100.39,100.54,99.47
2007-05-03,100.73,100.4,101.45,100.01
2007-05-04,100.8,100.81,101.6,100.5
2007-05-07,101.08,103.92,104.35,101.01
2007-05-08,103.47,105.06,105.15,103.42
2007-05-09,104.91,106.88,106.96,104.89
2007-05-10,106.63,107.34,108.84,105.92
2007-05-11,107.74,108.74,109.13,106.78
2007-05-14,109.62,109.36,110.0,108.25
2007-05-15,109.57,107.52,110.2,106.48
2007-05-16,108.53,107.34,108.83,103.42
2007-05-17,107.15,109.44,109.87,107.15
2007-05-18,110.23,110.02,110.64,109.77
2007-05-21,110.31,111.98,112.45,110.05
2007-05-22,112.49,113.54,113.75,112.01
2007-05-23,114.02,112.89,115.0,112.59
2007-05-24,112.81,110.69,114.46,110.37
2007-05-25,112.0,113.62,113.78,111.5
2007-05-29,114.45,114.35,114.86,112.69
2007-05-30,114.3,118.77,118.88,113.53
2007-05-31,120.07,121.191,122.17,119.541
2007-06-01,121.1,118.4,121.19,118.29
2007-06-04,118.63,121.33,121.73,117.9
2007-06-05,121.41,122.67,122.69,120.5
2007-06-06,122.3,123.64,124.05,121.95
2007-06-07,124.99,124.069,127.61,123.19
2007-06-08,125.825,124.49,125.83,122.29
2007-06-11,126.0,120.19,126.15,119.54
2007-06-12,119.35,120.38,121.71,118.31
2007-06-13,121.15,117.5,121.19,115.4
2007-06-14,117.2,118.75,119.45,116.42
2007-06-15,120.62,120.5,120.67,119.86
2007-06-18,123.28,125.09,125.18,122.54
2007-06-19,124.69,123.66,125.01,122.91
2007-06-20,123.87,121.55,124.66,121.5
2007-06-21,121.7,123.9,124.29,120.72
2007-06-22,123.85,123.0,124.45,122.38
2007-06-25,124.19,122.34,125.09,121.06
2007-06-26,123.98,119.65,124.0,118.72
2007-06-27,120.61,121.89,122.04,119.26
2007-06-28,122.36,120.56,122.49,120.0
2007-06-29,121.97,122.04,124.0,121.09
2007-07-02,121.05,121.26,122.09,119.3
2007-07-03,122.0,127.17,127.4,121.5
2007-07-05,128.8,132.75,132.97,128.69
2007-07-06,133.13,132.3,133.34,130.4
2007-07-09,132.38,130.3301,132.9,129.18
2007-07-10,128.88,132.35,134.5,128.81
2007-07-11,132.07,132.39,133.7,131.31
2007-07-12,133.85,134.0699,134.24,132.39
2007-07-13,135.03,137.73,137.85,134.52
2007-07-16,138.39,138.1,139.98,137.5
2007-07-17,138.3,138.9099,139.6,137.5
2007-07-18,138.19,138.12,138.44,136.04
2007-07-19,140.3,140.0,140.81,139.65
2007-07-20,141.65,143.75,144.18,140.0
2007-07-23,143.31,143.7,145.22,140.93
2007-07-24,138.88,134.8899,141.0,134.15
2007-07-25,137.35,137.26,138.36,135.0
2007-07-26,145.91,146.0,148.5,136.96
2007-07-27,146.19,143.85,148.92,143.78
2007-07-30,144.33,141.43,145.45,139.57
2007-07-31,142.97,131.76,143.48,131.52
2007-08-01,133.64,135.0,135.38,127.77
2007-08-02,136.65,136.49,136.96,134.15
2007-08-03,135.26,131.8499,135.95,131.5
2007-08-06,132.9,135.25,135.27,128.3
2007-08-07,134.94,135.0301,137.24,132.63
2007-08-08,136.76,134.01,136.86,132.0
2007-08-09,131.11,126.39,133.0,125.09
2007-08-10,123.12,125.0,127.75,120.3
2007-08-13,128.32,127.79,129.35,126.5
2007-08-14,128.29,124.03,128.3,123.71
2007-08-15,122.74,119.9,124.86,119.65
2007-08-16,117.01,117.05,118.5,111.62
2007-08-17,122.01,122.06,123.5,119.82
2007-08-20,123.96,122.22,124.5,120.5
2007-08-21,122.21,127.57,128.96,121.0
2007-08-22,131.22,132.51,132.75,130.33
2007-08-23,133.09,131.07,133.34,129.76
2007-08-24,130.53,135.3,135.37,129.81
2007-08-27,133.3907,132.25,134.66,132.1
2007-08-28,130.99,126.82,132.41,126.63
2007-08-29,129.88,134.08,134.18,129.54
2007-08-30,132.67,136.25,138.25,132.3
2007-08-31,139.49,138.48,139.65,137.41
2007-09-04,139.94,144.16,145.73,139.84
2007-09-05,144.97,136.76,145.84,136.1
2007-09-06,135.56,135.01,137.57,132.71
2007-09-07,132.01,131.77,132.3,130.0
2007-09-10,136.995,136.71,138.04,133.95
2007-09-11,137.9,135.49,138.3,133.75
2007-09-12,135.99,136.85,139.4,135.75
2007-09-13,138.83,137.2,139.0,136.65
2007-09-14,136.57,138.81,138.98,136.2
2007-09-17,138.99,138.41,140.59,137.6
2007-09-18,139.06,140.92,142.85,137.83
2007-09-19,143.02,140.7699,143.16,139.4
2007-09-20,140.15,140.31,141.79,139.32
2007-09-21,141.14,144.15,144.65,140.31
2007-09-24,146.73,148.28,149.85,146.65
2007-09-25,146.84,153.18,153.22,146.82
2007-09-26,154.47,152.77,155.0,151.25
2007-09-27,153.77,154.5,154.52,152.32
2007-09-28,153.44,153.47,154.6,152.75
2007-10-01,154.63,156.339,157.41,152.93
2007-10-02,156.55,158.45,158.59,155.89
2007-10-03,157.78,157.9201,159.18,157.01
2007-10-04,158.0,156.24,158.08,153.5
2007-10-05,158.37,161.4499,161.58,157.7
2007-10-08,163.49,167.91,167.91,162.97
2007-10-09,170.2,167.86,171.11,166.68
2007-10-10,167.55,166.79,167.88,165.6
2007-10-11,169.49,162.23,171.88,153.21
2007-10-12,163.01,167.2537,167.28,161.8
2007-10-15,167.98,166.98,169.57,163.5
2007-10-16,165.54,169.58,170.18,165.15
2007-10-17,172.69,172.75,173.04,169.18
2007-10-18,171.5,173.5,174.19,171.05
2007-10-19,174.24,170.42,174.63,170.0
2007-10-22,170.35,174.36,174.9,169.9601
2007-10-23,188.56,186.16,188.6,182.76
2007-10-24,185.81,185.93,187.21,179.24
2007-10-25,184.87,182.78,185.9,181.66
2007-10-26,185.29,184.7,185.37,182.88
2007-10-29,185.45,185.09,186.59,184.7
2007-10-30,186.18,187.0,189.37,184.73
2007-10-31,187.63,189.95,190.12,184.95
2007-11-01,188.6,187.44,190.1,180.0
2007-11-02,189.21,187.87,189.44,183.49
2007-11-05,185.29,186.18,188.96,184.24
2007-11-06,187.05,191.79,192.0,185.27
2007-11-07,190.61,186.2999,192.68,186.13
2007-11-08,186.67,175.4663,186.9,167.77
2007-11-09,171.15,165.37,175.12,165.21
2007-11-12,165.28,153.76,167.7,150.63
2007-11-13,160.87,169.96,170.98,153.76
2007-11-14,177.23,166.11,177.57,163.74
2007-11-15,166.39,164.3,169.59,160.3
2007-11-16,165.3,166.39,167.02,159.33
2007-11-19,166.1,163.95,168.2,162.1
2007-11-20,165.67,168.85,171.79,163.53
2007-11-21,165.84,168.46,172.35,164.67
2007-11-23,172.0,171.54,172.05,169.75
2007-11-26,173.59,172.5419,177.2699,172.35
2007-11-27,175.22,174.81,175.79,170.01
2007-11-28,176.82,180.22,180.6,175.35
2007-11-29,179.43,184.29,185.17,179.15
2007-11-30,187.34,182.22,187.7,179.7
2007-12-03,181.86,178.86,184.14,177.7
2007-12-04,177.15,179.81,180.9,176.99
2007-12-05,182.89,185.5,186.0,182.41
2007-12-06,186.19,189.9528,190.1,186.12
2007-12-07,190.54,194.3,194.99,188.04
2007-12-10,193.59,194.21,195.66,192.69
2007-12-11,194.75,188.5404,196.83,187.39
2007-12-12,193.44,190.86,194.48,185.76
2007-12-13,190.19,191.83,192.12,187.82
2007-12-14,190.37,190.39,200.0,189.54
2007-12-17,190.72,184.4,192.65,182.98
2007-12-18,186.52,182.98,187.33,178.6
2007-12-19,182.98,183.12,184.6394,180.9
2007-12-20,185.43,187.21,187.83,183.33
2007-12-21,190.12,193.91,193.9125,189.89
2007-12-24,195.03,198.8,199.33,194.79
2007-12-26,199.01,198.95,200.96,196.82
2007-12-27,198.77,198.57,202.96,197.8
2007-12-28,200.59,199.83,201.56,196.8801
2007-12-31,199.5,198.08,200.5,197.75
2008-01-02,199.27,194.84,200.26,192.55
2008-01-03,195.41,194.93,197.39,192.69
2008-01-04,191.45,180.05,193.0,178.89
2008-01-07,181.25,177.64,183.6,170.23
2008-01-08,180.14,171.25,182.46,170.8
2008-01-09,171.3,179.4,179.5,168.3
2008-01-10,177.58,178.02,181.0,175.41
2008-01-11,176.0,172.69,177.85,170.0
2008-01-14,177.52,178.78,179.42,175.17
2008-01-15,177.72,169.04,179.22,164.66
2008-01-16,165.23,159.64,169.01,156.7
2008-01-17,161.51,160.89,165.36,158.42
2008-01-18,161.71,161.36,165.75,159.61
2008-01-22,148.02,155.64,159.98,146.0
2008-01-23,136.21,139.072,140.0,126.14
2008-01-24,139.99,135.6,140.7,132.01
2008-01-25,138.99,130.01,139.09,129.61
2008-01-28,128.16,130.01,133.2,126.45
2008-01-29,131.15,131.54,132.79,129.05
2008-01-30,131.37,132.18,135.45,130.0
2008-01-31,129.45,135.36,136.65,129.4
2008-02-01,136.24,133.75,136.59,132.18
2008-02-04,134.21,131.65,135.9,131.42
2008-02-05,130.43,129.36,134.0,128.9
2008-02-06,130.83,122.0,131.92,121.77
2008-02-07,119.97,121.24,124.78,117.27
2008-02-08,122.08,125.48,125.7,121.6
2008-02-11,128.01,129.45,129.98,127.2
2008-02-12,130.7,124.86,131.0,123.62
2008-02-13,126.68,129.4,129.78,125.63
2008-02-14,129.4,127.46,130.8,127.01
2008-02-15,126.27,124.63,127.08,124.06
2008-02-19,125.99,122.18,126.75,121.44
2008-02-20,122.2,123.82,124.6,121.68
2008-02-21,126.05,121.54,126.47,120.86
2008-02-22,122.48,119.46,122.51,115.87
2008-02-25,118.59,119.74,120.17,116.664
2008-02-26,117.64,119.15,121.09,115.44
2008-02-27,118.23,122.96,123.05,118.09
2008-02-28,127.2,129.91,132.2,125.77
2008-02-29,129.29,125.02,130.21,124.8
2008-03-03,124.44,121.73,125.98,118.0
2008-03-04,121.99,124.62,124.88,120.4
2008-03-05,123.58,124.4899,125.14,122.25
2008-03-06,124.615,120.93,127.5,120.81
2008-03-07,120.41,122.25,122.9799,119.05
2008-03-10,121.98,119.69,123.46,119.37
2008-03-11,124.1,127.3501,127.48,122.0
2008-03-12,127.04,126.03,128.68,125.17
2008-03-13,124.1,127.94,129.5,123.0
2008-03-14,129.88,126.61,130.3,124.2
2008-03-17,122.55,126.73,128.59,122.55
2008-03-18,129.18,132.82,133.0015,128.67
2008-03-19,133.12,129.67,134.29,129.67
2008-03-20,131.12,133.27,133.2915,129.18
2008-03-24,134.01,139.53,140.85,133.64
2008-03-25,139.96,140.98,143.1,137.33
2008-03-26,140.87,145.06,145.74,140.64
2008-03-27,144.95,140.25,145.31,139.99
2008-03-28,141.8,143.01,144.65,141.6
2008-03-31,143.27,143.5,145.71,142.52
2008-04-01,146.3,149.5301,149.66,143.61
2008-04-02,148.78,147.49,151.2,145.85
2008-04-03,147.06,151.61,153.63,147.0
2008-04-04,152.19,153.08,154.715,150.75
2008-04-07,156.13,155.89,159.69,155.11
2008-04-08,153.55,152.84,156.45,152.32
2008-04-09,153.31,151.44,153.89,150.46
2008-04-10,151.13,154.55,155.42,150.6
2008-04-11,152.72,147.14,153.3,146.4
2008-04-14,146.77,147.78,149.25,144.54
2008-04-15,149.4,148.38,149.72,145.72
2008-04-16,151.72,153.7,154.1,150.62
2008-04-17,154.17,154.49,156.0,153.35
2008-04-18,159.12,161.04,162.26,158.38
2008-04-21,162.21,168.16,168.5,161.76
2008-04-22,167.4,160.2,168.0,158.09
2008-04-23,164.05,162.89,164.84,161.08
2008-04-24,165.34,168.94,169.98,159.194
2008-04-25,170.7,169.73,171.1,166.42
2008-04-28,169.75,172.24,173.75,169.13
2008-04-29,171.11,175.05,175.66,170.25
2008-04-30,176.19,173.95,180.0,172.92
2008-05-01,174.96,180.0,180.0,174.86
2008-05-02,180.19,180.94,181.92,178.55
2008-05-05,181.92,184.73,185.31,181.05
2008-05-06,184.66,186.66,187.12,182.18
2008-05-07,186.05,182.59,188.2,180.54
2008-05-08,183.77,185.06,186.5,183.07
2008-05-09,183.16,183.45,184.25,181.37
2008-05-12,185.21,188.16,188.87,182.85
2008-05-13,188.61,189.96,191.45,187.86
2008-05-14,191.23,186.26,192.24,185.57
2008-05-15,186.81,189.73,189.9,184.2
2008-05-16,190.11,187.6201,190.3,187.0
2008-05-19,187.86,183.6,188.69,181.3
2008-05-20,181.82,185.9,186.16,180.12
2008-05-21,185.67,178.19,188.0,176.25
2008-05-22,179.26,177.05,181.33,172.0
2008-05-23,180.77,181.17,181.99,177.8
2008-05-27,182.75,186.43,186.43,181.84
2008-05-28,187.41,187.01,187.95,183.72
2008-05-29,186.76,186.69,188.2,185.5
2008-05-30,187.45,188.75,189.54,187.38
2008-06-02,188.6,186.1,189.65,184.53
2008-06-03,186.86,185.37,188.2,182.3354
2008-06-04,184.02,185.19,187.09,183.23
2008-06-05,186.34,189.43,189.84,185.7
2008-06-06,188.0,185.64,189.95,185.55
2008-06-09,184.79,181.61,184.94,175.75
2008-06-10,180.51,185.64,186.78,179.02
2008-06-11,184.34,180.81,186.0,179.59
2008-06-12,181.49,173.26,182.6,171.2
2008-06-13,171.64,172.37,174.16,165.31
2008-06-16,171.3,176.84,177.9,169.07
2008-06-17,178.1,181.43,181.99,177.41
2008-06-18,181.12,178.75,182.2,177.35
2008-06-19,178.55,180.9,182.34,176.8
2008-06-20,179.35,175.27,181.0,175.0
2008-06-23,174.74,173.16,175.88,171.56
2008-06-24,172.37,173.25,175.78,171.63
2008-06-25,174.61,177.39,178.83,173.88
2008-06-26,174.07,168.26,174.84400000000002,168.01
2008-06-27,166.51,170.09,170.57,164.15
2008-06-30,170.19,167.44,172.0,166.62
2008-07-01,164.23,174.68,174.72,164.0
2008-07-02,175.2,168.18,177.45,168.1788
2008-07-03,169.59,170.12,172.17,165.75
2008-07-07,173.16,175.16,177.13,171.9
2008-07-08,175.4,179.55,179.7,172.7401
2008-07-09,180.2,174.25,180.91,174.14
2008-07-10,174.92,176.63,177.34,171.37
2008-07-11,175.47,172.58,177.11,171.0
2008-07-14,179.24,173.88,179.3,173.08
2008-07-15,172.48,169.64,173.74,166.39
2008-07-16,170.2,172.81,172.93,168.6
2008-07-17,174.1,171.81,174.98,171.39
2008-07-18,168.52,165.15,169.65,165.0
2008-07-21,166.9,166.29,167.5,161.12
2008-07-22,149.0,162.02,162.76,146.53
2008-07-23,164.99,166.26,168.37,161.56
2008-07-24,164.32,159.03,165.26,158.45
2008-07-25,160.4,162.12,163.0,158.65
2008-07-28,162.34,154.4,162.47,154.02
2008-07-29,155.41,157.08,159.45,153.65
2008-07-30,157.78,159.88,160.49,156.08
2008-07-31,157.54,158.95,162.2,156.98
2008-08-01,159.9,156.66,159.99,155.75
2008-08-04,156.5999,153.23,157.9,152.91
2008-08-05,155.42,160.64,160.8,154.82
2008-08-06,159.97,164.19,167.4,158.0
2008-08-07,162.71,163.57,166.15,161.5
2008-08-08,163.86,169.55,169.65,163.75
2008-08-11,170.07,173.56,176.5,169.67
2008-08-12,173.52,176.73,179.29,173.51
2008-08-13,177.98,179.3,180.0,175.9
2008-08-14,178.33,179.32,180.45,177.84
2008-08-15,179.04,175.74,179.75,175.05
2008-08-18,175.57,175.39,177.81,173.82
2008-08-19,174.54,173.53,177.07,171.81
2008-08-20,174.7725,175.84,176.94,173.61
2008-08-21,174.47,174.29,175.45,171.89
2008-08-22,175.82,176.79,177.5,175.57
2008-08-25,176.15,172.55,176.23,171.66
2008-08-26,172.76,173.64,174.88,172.6101
2008-08-27,173.31,174.67,175.76,172.1909
2008-08-28,175.28,173.74,176.25,172.75
2008-08-29,172.96,169.53,173.5,169.0401
2008-09-02,172.4,166.19,173.5,165.0
2008-09-03,166.84,166.96,168.68,164.0
2008-09-04,165.86,161.22,167.9125,160.81
2008-09-05,158.59,160.18,162.4,157.65
2008-09-08,164.57,157.92,164.89,151.4585
2008-09-09,156.86,151.68,159.96,149.79
2008-09-10,152.32,151.61,154.99,148.8
2008-09-11,148.18,152.65,152.99,146.0
2008-09-12,150.9099,148.94,150.9099,146.5
2008-09-15,142.03,140.36,147.69,140.36
2008-09-16,133.86,139.88,142.5,132.15
2008-09-17,138.49,127.83,138.51,127.83
2008-09-18,130.57,134.09,135.43,120.68
2008-09-19,142.6,140.91,144.2,136.31
2008-09-22,139.94,131.05,140.25,130.66
2008-09-23,131.85,126.84,135.8,126.66
2008-09-24,127.27,128.71,130.95,125.15
2008-09-25,129.8,131.93,134.79,128.52
2008-09-26,124.91,128.24,129.8,123.0
2008-09-29,119.62,105.26,119.68,100.59
2008-09-30,108.25,113.66,115.0,106.3
2008-10-01,111.92,109.12,112.36,107.39
2008-10-02,108.01,100.1,108.79,100.0
2008-10-03,104.0,97.07,106.5,94.65
2008-10-06,91.96,98.14,98.78,87.54
2008-10-07,100.48,89.16,101.5,88.95
2008-10-08,85.9125,89.79,96.33,85.68
2008-10-09,93.35,88.74,95.8,86.6
2008-10-10,85.7,96.8,100.0,85.0
2008-10-13,104.55,110.26,110.53,101.02
2008-10-14,116.26,104.08,116.4,103.14
2008-10-15,103.84,97.95,107.0,97.89
2008-10-16,99.77,101.89,103.43,91.74
2008-10-17,99.6,97.4,102.04,85.885
2008-10-20,99.78,98.44,100.03,93.64
2008-10-21,96.95,91.49,97.9,91.16
2008-10-22,97.37,96.87,101.25,92.93
2008-10-23,96.51,98.23,99.25,91.9
2008-10-24,90.33,96.38,97.9,90.11
2008-10-27,95.07,92.09,97.63,91.86
2008-10-28,95.43,99.91,100.5,92.37
2008-10-29,100.86,104.55,109.54,99.94
2008-10-30,108.23,111.04,112.19,107.61
2008-10-31,107.4,107.59,110.78,105.14
2008-11-03,105.93,106.96,109.1,104.86
2008-11-04,109.99,110.99,111.79,106.67
2008-11-05,108.91,103.3,109.72,102.99
2008-11-06,101.05,99.1,102.78,98.0
2008-11-07,99.24,98.24,99.85,95.72
2008-11-10,100.17,95.88,100.4,94.5
2008-11-11,94.81,94.77,97.17,92.26
2008-11-12,92.43,90.12,93.24,90.01
2008-11-13,89.87,96.44,96.44,86.02
2008-11-14,93.76,90.24,93.99,90.0
2008-11-17,88.48,88.14,90.55,87.26
2008-11-18,89.64,89.91,90.99,86.86
2008-11-19,89.44,86.29,91.58,86.21
2008-11-20,85.24,80.49,86.45,80.0
2008-11-21,81.93,82.58,84.12,79.14
2008-11-24,85.21,92.95,94.79,84.84
2008-11-25,94.63,90.8,94.7099,88.16
2008-11-26,89.92,95.0,95.25,89.85
2008-11-28,94.7,92.67,94.76,91.86
2008-12-01,91.3,88.93,92.27,88.92299999999999
2008-12-02,90.03,92.47,92.65,86.5
2008-12-03,89.4,95.9,96.23,88.8
2008-12-04,94.43,91.41,95.21,89.06
2008-12-05,90.35,94.0,94.49,88.86
2008-12-08,97.28,99.72,100.8,95.8
2008-12-09,98.04,100.06,103.6,97.21
2008-12-10,97.87,98.21,99.49,96.5
2008-12-11,97.35,95.0,101.24,94.83
2008-12-12,92.8,98.27,99.0,92.53
2008-12-15,95.99,94.75,96.21,93.0
2008-12-16,93.98,95.43,96.48,92.75
2008-12-17,91.03,89.16,91.1,88.02
2008-12-18,89.31,89.43,90.83,88.44
2008-12-19,89.9396,90.0,90.94,88.8
2008-12-22,90.02,85.74,90.03,84.69
2008-12-23,86.87,86.38,87.87,85.9
2008-12-24,86.14,85.04,86.25,84.55
2008-12-26,86.64,85.81,87.42,85.24
2008-12-29,86.52,86.61,87.62,85.07
2008-12-30,87.42,86.29,88.05,84.72
2008-12-31,85.97,85.35,87.74,85.34
2009-01-02,85.88,90.75,91.04,85.16
2009-01-05,93.17,94.58,96.18,92.71
2009-01-06,95.95,93.02,97.17,92.39
2009-01-07,91.81,91.01,92.5,90.26
2009-01-08,90.43,92.7,93.15,90.04
2009-01-09,93.21,90.58,93.38,90.14
2009-01-12,90.46,88.66,90.99,87.55
2009-01-13,88.24,87.71,89.7399,86.35
2009-01-14,86.24,85.33,87.25,84.72
2009-01-15,80.57,83.38,84.12,80.05
2009-01-16,84.3,82.33,84.38,80.4
2009-01-20,81.93,78.2,82.0,78.2
2009-01-21,79.39,82.83,82.88,79.31
2009-01-22,88.04,88.36,90.0,85.82
2009-01-23,86.82,88.36,89.87,86.5
2009-01-26,88.86,89.64,90.97,88.3
2009-01-27,90.19,90.73,91.55,89.74
2009-01-28,92.12,94.2,95.0,91.5
2009-01-29,93.09,93.0,94.34,92.6
2009-01-30,92.6,90.13,93.62,90.01
2009-02-02,89.1,91.51,92.0,88.9
2009-02-03,91.92,92.98,93.38,90.28
2009-02-04,93.22,93.55,96.25,93.1
2009-02-05,92.77,96.46,97.25,92.62
2009-02-06,97.02,99.72,100.0,97.0
2009-02-09,100.0,102.51,103.0,99.5
2009-02-10,101.33,97.83,102.51,97.06
2009-02-11,96.37,96.82,98.31,95.77
2009-02-12,95.83,99.27,99.75,95.83
2009-02-13,98.99,99.16,99.94,98.12
2009-02-17,96.87,94.53,97.04,94.28
2009-02-18,95.05,94.37,95.85,92.72
2009-02-19,93.37,90.64,94.25,90.11
2009-02-20,89.4,91.2,92.4,89.0
2009-02-23,91.65,86.95,92.0,86.51
2009-02-24,87.4475,90.25,90.89,87.0
2009-02-25,89.86,91.16,92.92,89.25
2009-02-26,92.0,89.19,92.92,88.96
2009-02-27,87.93,89.31,91.3,87.67
2009-03-02,88.12,87.94,91.2,87.67
2009-03-03,88.93,88.37,90.74,87.88
2009-03-04,90.18,91.17,92.77,89.45
2009-03-05,90.46,88.84,91.87,88.45
2009-03-06,88.34,85.3,88.4,82.33
2009-03-09,84.18,83.11,87.6,82.57
2009-03-10,84.87,88.6275,89.17,84.36
2009-03-11,89.81,92.68,94.07,89.58
2009-03-12,92.9,96.35,96.58,92.0
2009-03-13,96.3,95.93,97.2,95.01
2009-03-16,96.53,95.42,97.39,94.18
2009-03-17,95.24,99.66,99.69,95.07
2009-03-18,99.91,101.52,103.48,99.72
2009-03-19,101.85,101.62,103.2,100.25
2009-03-20,102.09,101.59,103.11,100.57
2009-03-23,102.71,107.66,108.16,101.75
2009-03-24,106.36,106.501,109.44,105.3872
2009-03-25,107.58,106.49,108.36,103.86
2009-03-26,107.83,109.87,109.98,107.58
2009-03-27,108.23,106.85,108.53,106.4
2009-03-30,104.51,104.49,105.01,102.61
2009-03-31,105.45,105.12,107.45,105.0
2009-04-01,104.09,108.69,109.0,103.89
2009-04-02,110.145,112.71,114.75,109.78
2009-04-03,114.19,115.99,116.13,113.52
2009-04-06,114.94,118.45,118.75,113.28
2009-04-07,116.53,115.0,116.67,114.19
2009-04-08,115.43,116.32,116.79,114.58
2009-04-09,118.42,119.57,120.0,117.96
2009-04-13,120.01,120.22,120.98,119.0
2009-04-14,119.57,118.31,120.17,117.25
2009-04-15,117.2,117.64,118.25,115.76
2009-04-16,119.19,121.45,123.15,118.79
2009-04-17,121.18,123.42,124.25,120.25
2009-04-20,121.73,120.5,122.99,119.16
2009-04-21,118.89,121.76,122.14,118.6
2009-04-22,122.63,121.51,125.35,121.2
2009-04-23,126.62,125.4,127.2,123.51
2009-04-24,124.64,123.9,125.14,122.97
2009-04-27,122.9,124.73,125.0,122.66
2009-04-28,123.3501,123.902,126.21,123.26
2009-04-29,124.85,125.14,126.85,123.83
2009-04-30,126.22,125.83,127.0,124.92
2009-05-01,125.8,127.24,127.95,125.8
2009-05-04,128.24,132.07,132.25,127.68
2009-05-05,131.75,132.71,132.86,131.12
2009-05-06,133.33,132.5,133.5,130.22
2009-05-07,132.33,129.06,132.39,127.9
2009-05-08,129.04,129.19,131.2342,126.26
2009-05-11,127.37,129.57,130.96,127.12
2009-05-12,129.56,124.42,129.71,123.25
2009-05-13,123.21,119.49,124.02,119.38
2009-05-14,119.78,122.95,123.53,119.7
2009-05-15,122.32,122.42,124.62,121.61
2009-05-18,123.73,126.65,126.7,121.57
2009-05-19,126.82,127.45,129.31,125.74
2009-05-20,127.63,125.87,129.21,125.3
2009-05-21,125.15,124.18,126.78,122.89
2009-05-22,124.05,122.5,124.18,121.75
2009-05-26,124.76,130.78,130.83,124.55
2009-05-27,131.78,133.05,134.98,130.91
2009-05-28,133.45,135.07,135.39,132.03
2009-05-29,135.39,135.81,135.9,133.85
2009-06-01,136.47,139.35,139.99,136.0
2009-06-02,138.99,139.49,141.34,138.35
2009-06-03,140.0,140.95,141.11,139.07
2009-06-04,140.13,143.74,144.18,140.04
2009-06-05,145.31,144.67,146.4,143.21
2009-06-08,143.82,143.85,144.23,139.43
2009-06-09,143.81,142.72,144.56,140.55
2009-06-10,142.28,140.25,142.35,138.3
2009-06-11,139.55,139.95,141.56,138.55
2009-06-12,138.81,136.97,139.1,136.04
2009-06-15,136.01,136.09,136.93,134.89
2009-06-16,136.66,136.35,138.47,136.1
2009-06-17,136.67,135.58,137.45,134.53
2009-06-18,136.11,135.88,138.0,135.59
2009-06-19,138.07,139.48,139.5,136.9
2009-06-22,140.67,137.37,141.56,136.33
2009-06-23,136.4,134.01,136.95,132.88
2009-06-24,135.42,136.22,137.5,134.86
2009-06-25,135.75,139.86,140.2,135.21
2009-06-26,139.79,142.44,143.56,139.74
2009-06-29,143.46,141.97,143.95,141.54
2009-06-30,142.58,142.43,143.8,141.8
2009-07-01,143.5,142.83,144.66,142.52
2009-07-02,141.25,140.02,142.83,139.79
2009-07-06,138.7,138.61,138.99,136.25
2009-07-07,138.48,135.4,139.68,135.18
2009-07-08,135.92,137.22,138.04,134.42
2009-07-09,137.76,136.36,137.99,135.93
2009-07-10,136.34,138.52,138.97,136.32
2009-07-13,139.54,142.34,142.34,137.53
2009-07-14,142.03,142.27,143.18,141.161
2009-07-15,145.04,146.88,147.0,144.32
2009-07-16,145.76,147.52,148.02,145.57
2009-07-17,149.08,151.75,152.02,148.63
2009-07-20,153.27,152.909,155.036,150.89
2009-07-21,153.29,151.51,153.43,149.75
2009-07-22,157.79,156.74,158.73,156.11
2009-07-23,156.63,157.82,158.44,155.56
2009-07-24,156.95,159.986,160.0,156.5
2009-07-27,160.17,160.1,160.88,157.26
2009-07-28,158.88,160.0,160.105,157.6
2009-07-29,158.9,160.03,160.45,158.25
2009-07-30,161.7,162.79,164.72,161.5
2009-07-31,162.9881,163.39,165.0,162.91
2009-08-03,165.21,166.43,166.64,164.87
2009-08-04,164.93,165.55,165.57,164.21
2009-08-05,165.75,165.11,167.39,164.21
2009-08-06,165.58,163.91,166.51,163.09
2009-08-07,165.49,165.51,166.6,164.8
2009-08-10,165.66,164.72,166.6,163.66
2009-08-11,163.69,162.83,164.38,161.88
2009-08-12,162.55,165.31,166.71,162.46
2009-08-13,166.65,168.42,168.67,166.5
2009-08-14,167.94,166.78,168.2267,165.53
2009-08-17,163.55,159.59,163.59,159.42
2009-08-18,161.63,164.0,164.24,161.41
2009-08-19,162.75,164.6,165.3,162.45
2009-08-20,164.98,166.33,166.72,164.61
2009-08-21,167.65,169.22,169.37,166.8
2009-08-24,170.12,169.06,170.71,168.27
2009-08-25,169.4599,169.4,170.94,169.13
2009-08-26,168.92,167.41,169.55,166.76
2009-08-27,168.75,169.45,169.57,164.83
2009-08-28,172.27,170.05,172.49,168.53
2009-08-31,168.16,168.21,168.85,166.5
2009-09-01,167.99,165.298,170.0,164.94
2009-09-02,164.62,165.18,167.61,164.11
2009-09-03,166.44,166.55,167.1,165.0
2009-09-04,167.2757,170.31,170.7,167.09
2009-09-08,172.98,172.93,173.14,172.0
2009-09-09,172.78,171.14,174.47,169.7
2009-09-10,172.06,172.56,173.25,170.81
2009-09-11,172.91,172.16,173.18,170.87
2009-09-14,170.83,173.72,173.9,170.25
2009-09-15,174.04,175.16,175.65,173.59
2009-09-16,177.99,181.87,182.75,177.88
2009-09-17,181.98,184.55,186.79,181.97
2009-09-18,185.83,185.02,186.55,184.76
2009-09-21,184.29,184.02,185.16,181.62
2009-09-22,185.19,184.48,185.38,182.85
2009-09-23,185.4,185.5,188.9,185.03
2009-09-24,187.2,183.82,187.7,182.77
2009-09-25,182.01,182.37,185.5,181.44
2009-09-28,183.87,186.1519,186.68,183.33
2009-09-29,186.73,185.38,187.4,184.31
2009-09-30,186.13,185.35,186.45,182.6127
2009-10-01,185.35,180.8599,186.22,180.7
2009-10-02,181.41,184.9,185.94,181.35
2009-10-05,186.2,186.024,186.86,184.2701
2009-10-06,187.74,190.01,190.01,187.3
2009-10-07,189.76,190.25,190.55,189.032
2009-10-08,190.66,189.27,191.45,188.89
2009-10-09,188.97,190.47,190.7,188.62
2009-10-12,191.02,190.81,191.51,189.64
2009-10-13,190.63,190.02,191.17,189.7
2009-10-14,192.25,191.29,192.32,190.23
2009-10-15,189.63,190.56,190.92,189.53
2009-10-16,189.35,188.05,190.36,187.84
2009-10-19,187.85,189.86,190.0,185.55
2009-10-20,200.6,198.76,201.75,197.85
2009-10-21,199.52,204.92,208.7099,199.23
2009-10-22,204.7,205.2,207.85,202.51
2009-10-23,205.7,203.94,205.8,203.23
2009-10-26,203.67,202.48,206.75,200.1
2009-10-27,201.66,197.37,202.81,196.45
2009-10-28,197.71,192.4,198.02,191.1
2009-10-29,195.0,196.35,196.81,192.14
2009-10-30,196.05599999999998,188.5,196.8,186.0667
2009-11-02,189.8,189.31,192.88,185.57
2009-11-03,187.85,188.75,189.52,185.92
2009-11-04,190.73,190.81,193.85,190.23
2009-11-05,192.4,194.0301,195.0,191.82
2009-11-06,192.51,194.34,195.19,192.4
2009-11-09,196.94,201.46,201.9,196.26
2009-11-10,201.02,202.98,204.98,201.01
2009-11-11,204.56,203.25,205.0,201.83
2009-11-12,203.14,201.99,204.87,201.43
2009-11-13,202.87,204.45,204.83,202.07
2009-11-16,205.48,206.63,208.0,205.01
2009-11-17,206.08,207.0,207.44,205.0
2009-11-18,206.54,205.96,207.0,204.0
2009-11-19,204.61,200.51,204.61,199.8
2009-11-20,199.15,199.92,200.39,197.76
2009-11-23,203.0,205.88,206.0,202.95
2009-11-24,205.33,204.44,205.88,202.9
2009-11-25,205.4,204.19,205.65,203.76
2009-11-27,199.22,200.59,202.96,198.37
2009-11-30,201.11,199.91,201.68,198.77
2009-12-01,202.24,196.97,202.77,196.83
2009-12-02,198.96,196.23,201.42,195.75
2009-12-03,197.42,196.48,198.98,196.27
2009-12-04,199.6995,193.32,199.88,190.28
2009-12-07,193.32,188.95,193.77,188.68
2009-12-08,189.36,189.87,192.35,188.7
2009-12-09,191.28,197.8,198.16,190.31
2009-12-10,199.5,196.43,199.7,196.12
2009-12-11,197.78,194.67,198.0,193.43
2009-12-14,195.37,196.98,197.43,192.56
2009-12-15,195.83,194.17,197.51,193.27
2009-12-16,195.1,195.03,196.5,194.55
2009-12-17,194.26,191.86,195.0,191.0
2009-12-18,193.17,195.43,195.503,192.6
2009-12-21,196.05,198.23,199.75,195.67
2009-12-22,199.44,200.36,200.85,198.66
2009-12-23,201.25,202.1,202.38,200.81
2009-12-24,203.55,209.04,209.35,203.35
2009-12-28,211.72,211.61,213.95,209.611
2009-12-29,212.63,209.1,212.72,208.73
2009-12-30,208.83,211.64,212.0,208.31
2009-12-31,213.13,210.732,213.35,210.56
2010-01-04,213.43,214.01,214.5,212.38
2010-01-05,214.6,214.38,215.59,213.25
2010-01-06,214.38,210.97,215.23,210.75
2010-01-07,211.75,210.58,212.0,209.05
2010-01-08,210.3,211.98,212.0,209.06
2010-01-11,212.8,210.11,213.0,208.45
2010-01-12,209.19,207.72,209.77,206.42
2010-01-13,207.87,210.65,210.93,204.1
2010-01-14,210.11,209.43,210.46,209.02
2010-01-15,210.93,205.93,211.6,205.87
2010-01-19,208.33,215.04,215.19,207.24
2010-01-20,214.91,211.725,215.55,209.5
2010-01-21,212.08,208.072,213.3138,207.21
2010-01-22,206.78,197.75,207.5,197.16
2010-01-25,202.51,203.075,204.7,200.19
2010-01-26,205.95,205.94,213.71,202.58
2010-01-27,206.85,207.88400000000001,210.58,199.53099999999998
2010-01-28,204.93,199.29,205.5,198.7
2010-01-29,201.08,192.063,202.2,190.25
2010-02-01,192.37,194.73,196.0,191.3
2010-02-02,195.91,195.86,196.32,193.38
2010-02-03,195.17,199.23,200.2,194.42
2010-02-04,196.73,192.05,198.37,191.57
2010-02-05,192.625,195.46,196.0,190.85
2010-02-08,195.69,194.12,197.88,194.0
2010-02-09,196.42,196.19,197.5,194.75
2010-02-10,195.89,195.11599999999999,196.6,194.26
2010-02-11,194.88,198.67,199.75,194.06
2010-02-12,198.11,200.38,201.64,195.5
2010-02-16,201.94,203.4,203.69,201.52
2010-02-17,204.19,202.55,204.31,200.86
2010-02-18,201.63,202.928,203.89,200.92
2010-02-19,201.86,201.67,203.2,201.11
2010-02-22,202.34,200.416,202.5,199.19
2010-02-23,200.0,197.05900000000003,201.33,195.71
2010-02-24,198.23,200.65599999999998,201.44,197.84
2010-02-25,197.38,202.0,202.86,196.89
2010-02-26,202.38,204.62,205.17,202.0
2010-03-01,205.75,208.99,209.5,205.45
2010-03-02,209.93,208.85,210.83,207.74
2010-03-03,208.94,209.33,209.87,207.94
2010-03-04,209.28,210.71,210.92,208.63
2010-03-05,214.94,218.95,219.7,214.63
2010-03-08,220.01,219.08,220.09,218.25
2010-03-09,218.31,223.02,225.0,217.89
2010-03-10,223.8295,224.84,225.48,223.2
2010-03-11,223.91,225.5,225.5,223.32
2010-03-12,227.37,226.6,227.73,225.75
2010-03-15,225.38,223.84,225.5,220.25
2010-03-16,224.18,224.45,224.98,222.51
2010-03-17,224.9,224.12,226.45,223.27
2010-03-18,224.1,224.65,225.0,222.61
2010-03-19,224.79,222.2499,225.24,221.23
2010-03-22,220.47,224.75,226.0,220.15
2010-03-23,225.64,228.36,228.78,224.1
2010-03-24,227.64,229.37,230.2,227.51
2010-03-25,230.92,226.65,230.97,226.25
2010-03-26,228.95,230.9,231.95,228.55
2010-03-29,233.0,232.39,233.8699,231.62
2010-03-30,236.6027,235.845,237.48,234.25
2010-03-31,235.49,235.0,236.61,234.46
2010-04-01,237.49,235.97,238.73,232.75
2010-04-05,234.975,238.49,238.51,234.77
2010-04-06,238.2,239.54,240.24,237.0
2010-04-07,239.72,240.6,241.92,238.6601
2010-04-08,240.44,239.95,241.54,238.04
2010-04-09,241.43,241.79,241.89,240.46
2010-04-12,242.2,242.29,243.07,241.81
2010-04-13,241.86,242.43,242.8,241.11
2010-04-14,245.28,245.69,245.81,244.07
2010-04-15,245.78,248.92,249.03,245.51
2010-04-16,248.57,247.4,251.14,244.55
2010-04-19,247.03,247.07,247.89,241.77
2010-04-20,248.54,244.59,249.25,242.955
2010-04-21,258.805,259.22,260.25,255.73
2010-04-22,258.24,266.4695,266.75,256.2
2010-04-23,267.99,270.83,272.18,267.0
2010-04-26,271.88,269.5,272.46,268.19
2010-04-27,267.27,262.04,267.84,260.52
2010-04-28,263.25,261.6,264.0,256.41
2010-04-29,263.02,268.64,270.0,262.01
2010-04-30,269.31,261.09,270.57,261.0
2010-05-03,263.84,266.35,267.88,262.88
2010-05-04,262.89,258.68,263.29,256.75
2010-05-05,253.03,255.985,258.14,248.73
2010-05-06,253.83,246.25,258.25,199.25
2010-05-07,243.71,235.86,246.57,225.21
2010-05-10,250.25,253.99,254.65,248.53
2010-05-11,251.84,256.52,259.89,250.5
2010-05-12,259.245,262.09,263.13,258.7
2010-05-13,263.22,258.36,265.0,256.4
2010-05-14,255.165,253.82,256.48,249.5
2010-05-17,254.7,254.22,256.18,247.71
2010-05-18,256.98,252.36,258.55,250.26
2010-05-19,249.5,248.34,252.92,244.85
2010-05-20,241.88,237.76,243.85,236.21
2010-05-21,232.82,242.32,244.5,231.35
2010-05-24,247.28,246.76,250.9,246.26
2010-05-25,239.35,245.22,246.76,237.16
2010-05-26,250.08,244.109,252.13,243.75
2010-05-27,250.6,253.35,253.89,249.11
2010-05-28,259.3881,256.88,259.4,253.35
2010-06-01,259.69,260.83,265.94,258.96
2010-06-02,264.54,263.95,264.8,260.335
2010-06-03,265.18,263.12,265.55,260.41
2010-06-04,258.21,255.965,261.9,254.63
2010-06-07,258.29,250.94,259.15,250.55
2010-06-08,253.24,249.33,253.8,245.65
2010-06-09,251.47,243.2,251.9,242.49
2010-06-10,244.84,250.51,250.98,242.2
2010-06-11,248.225,253.51,253.86,247.37
2010-06-14,255.96,254.28,259.15,254.01
2010-06-15,255.64,259.69,259.85,255.5
2010-06-16,261.1,267.25,267.75,260.6302
2010-06-17,270.6,271.87,272.9,269.5
2010-06-18,272.25,274.074,275.0,271.42
2010-06-21,277.69,270.17,279.01,268.73
2010-06-22,272.16,273.85,275.97,271.5
2010-06-23,274.58,270.97,274.66,267.9
2010-06-24,271.0,269.0,273.195,268.1
2010-06-25,270.06,266.7,270.27,265.81
2010-06-28,266.93,268.3,269.75,264.52
2010-06-29,264.1205,256.17,264.39,254.3
2010-06-30,256.71,251.53,257.97,250.01
2010-07-01,254.3,248.48,254.8,243.22
2010-07-02,250.49,246.94,250.93,243.2
2010-07-06,251.0,248.63,252.8,246.16
2010-07-07,250.49,258.665,258.77,249.75
2010-07-08,262.48,258.09,262.9,254.89
2010-07-09,256.89,259.62,259.9,255.16
2010-07-12,258.53,257.285,261.85,254.86
2010-07-13,256.32,251.798,256.4,246.43
2010-07-14,249.38,252.727,255.8,249.0
2010-07-15,248.23,251.45,256.97,247.3
2010-07-16,253.18,249.9,254.97,248.41
2010-07-19,249.88,245.58,249.88,239.6
2010-07-20,242.9,251.89,252.9,240.01
2010-07-21,265.09,254.24,265.15,254.0
2010-07-22,257.68,259.024,260.0,255.31
2010-07-23,257.09,259.94,260.38,256.28
2010-07-26,260.0,259.28,260.0998,257.71
2010-07-27,260.87,264.08,264.8,260.3
2010-07-28,263.67,260.96,265.99,260.25
2010-07-29,260.71,258.11,262.65,256.1
2010-07-30,255.8925,257.25,259.7,254.9
2010-08-02,260.44,261.85,262.59,259.62
2010-08-03,261.01,261.93,263.26,259.42
2010-08-04,262.84,262.98,264.28,260.311
2010-08-05,261.73,261.7,263.18,260.55
2010-08-06,259.78,260.091,261.49,257.63
2010-08-09,261.48,261.75,262.15,259.57
2010-08-10,259.85,259.41,260.45,257.55
2010-08-11,255.4,250.19,255.69,249.81
2010-08-12,246.69,251.79,253.1,246.12
2010-08-13,251.65,249.1,251.88,249.09
2010-08-16,247.58,247.64,250.01,246.62
2010-08-17,250.08,251.97,254.63,249.2
2010-08-18,252.36,253.07,254.67,251.58
2010-08-19,252.84,249.88,253.48,248.68
2010-08-20,249.39,249.64,253.92,249.0
2010-08-23,251.79,245.8,252.0,245.25
2010-08-24,242.67,239.93,243.0,238.65
2010-08-25,238.04,242.89,243.99,237.2
2010-08-26,245.45,240.28,245.75,240.2778
2010-08-27,241.75,241.62,242.61,235.56
2010-08-30,240.76,242.5,245.75,240.6801
2010-08-31,241.85,243.1,244.56,240.35
2010-09-01,247.47,250.33,251.46,246.28
2010-09-02,251.2623,252.17,252.17,248.57
2010-09-03,255.09,258.77,258.78,254.5
2010-09-07,256.64,257.81,259.53,256.25
2010-09-08,259.78,262.92,264.3899,259.1
2010-09-09,265.04,263.07,266.52,262.92
2010-09-10,263.19,263.41,264.5,261.4
2010-09-13,265.82,267.04,268.28,265.76
2010-09-14,266.21,268.06,269.17,265.52
2010-09-15,268.17,270.22,270.38,267.84
2010-09-16,270.24,276.57,276.67,269.5
2010-09-17,277.69,275.37,277.96,273.68
2010-09-20,276.08,283.23,283.78,275.85
2010-09-21,283.86,283.77,287.35,282.79
2010-09-22,282.71,287.75,287.98,282.41
2010-09-23,286.33,288.92,292.76,286.0
2010-09-24,292.1,292.32,293.53,290.55
2010-09-27,293.975,291.164,294.73,291.01
2010-09-28,291.77,286.86,291.77,275.0
2010-09-29,287.23,287.37,289.81,286.0
2010-09-30,289.0,283.75,290.0,281.25
2010-10-01,286.14599999999996,282.52,286.58,281.35
2010-10-04,281.6,278.64,282.9,277.77
2010-10-05,282.0,288.94,289.45,281.8205
2010-10-06,289.59,289.19,291.99,285.26
2010-10-07,290.3362,289.22,290.48,286.91
2010-10-08,291.7129,294.07,294.5,290.0
2010-10-11,294.74,295.36,297.24,294.6
2010-10-12,295.41,298.54,299.5,292.49
2010-10-13,300.2,300.14,301.96,299.8
2010-10-14,301.69,302.31,302.47,300.4
2010-10-15,307.44,314.74,315.0,304.91
2010-10-18,318.47,318.0,319.0,314.29
2010-10-19,303.4,309.49,313.77,300.02
2010-10-20,309.0,310.53,314.25,306.87
2010-10-21,312.36,309.52,314.74,306.8
2010-10-22,309.07,307.47,310.04,306.3
2010-10-25,309.09,308.84,311.6,308.44
2010-10-26,306.87,308.05,309.74,305.65
2010-10-27,307.65,307.83,309.9,305.6
2010-10-28,307.95,305.24,308.0,300.9
2010-10-29,304.23,300.98,305.88,300.87
2010-11-01,302.22,304.18,305.6,302.2
2010-11-02,307.0,309.36,310.19,307.0
2010-11-03,311.37,312.8,312.88,308.53
2010-11-04,315.45,318.27,320.18,315.03
2010-11-05,317.99,317.13,319.57,316.75
2010-11-08,317.2,318.62,319.7702,316.76
2010-11-09,321.05,316.08,321.3,314.5
2010-11-10,316.64,318.03,318.77,313.55
2010-11-11,315.0,316.655,318.4,314.25
2010-11-12,316.0,308.03,316.5,303.63
2010-11-15,308.46,307.035,310.54,306.27
2010-11-16,305.72,301.59,307.6,299.32
2010-11-17,301.2,300.5,303.99,297.76
2010-11-18,305.2,308.43,309.67,304.69
2010-11-19,307.97,306.73,308.4,305.24
2010-11-22,306.68,313.36,313.36,305.87
2010-11-23,310.45,308.73,311.75,306.56
2010-11-24,312.0,314.795,315.4,311.75
2010-11-26,313.74,315.76,317.6999,312.94
2010-11-29,315.5,316.87,317.48,311.38
2010-11-30,313.54,311.15,314.36,310.87
2010-12-01,315.27,316.4,317.75,315.0
2010-12-02,317.53,318.15,319.0,314.89
2010-12-03,317.01,317.44,318.65,316.34
2010-12-06,318.64,320.15,322.33,318.42
2010-12-07,323.8,318.21,323.99,318.12
2010-12-08,319.63,321.01,321.02,317.11
2010-12-09,322.1317,319.7575,322.5,319.02
2010-12-10,319.65,320.56,321.05,318.6
2010-12-13,324.37,321.67,325.06,321.0
2010-12-14,321.73,320.29,322.54,319.0
2010-12-15,320.0,320.36,323.0,319.19
2010-12-16,321.09,321.25,322.61,320.1
2010-12-17,321.63,320.61,321.79,320.23
2010-12-20,321.6,322.21,323.25,318.23
2010-12-21,323.0,324.205,324.39,322.05
2010-12-22,324.36,325.16,325.72,323.55
2010-12-23,325.0,323.6,325.15,323.17
2010-12-27,322.8519,324.68,325.44,321.52
2010-12-28,325.9102,325.47,326.66,325.06
2010-12-29,326.22,325.29,326.45,325.1
2010-12-30,325.48,323.66,325.51,323.05
2010-12-31,322.95,322.56,323.48,321.31
2011-01-03,325.64,329.57,330.26,324.8365
2011-01-04,332.44,331.29,332.5,328.15
2011-01-05,329.55,334.0,334.34,329.5
2011-01-06,334.7194,333.73,335.25,332.9
2011-01-07,333.99,336.12,336.35,331.9
2011-01-10,338.83,342.455,343.23,337.17
2011-01-11,344.88,341.64,344.96,339.47
2011-01-12,343.25,344.42,344.43,342.0
2011-01-13,345.16,345.68,346.64,343.85
2011-01-14,345.89,348.48,348.48,344.44
2011-01-18,329.52,340.65,344.7625,326.0
2011-01-19,348.35,338.84,348.6,336.88
2011-01-20,336.43,332.68,338.3,330.12
2011-01-21,333.77,326.72,334.88,326.63
2011-01-24,326.87,337.45,337.45,326.72
2011-01-25,336.33,341.4,341.44,334.57
2011-01-26,342.96,343.85,345.6,341.5
2011-01-27,343.78,343.21,344.6928,342.83099999999996
2011-01-28,344.17,336.1,344.4,333.528
2011-01-31,335.8,339.32,340.04,334.3
2011-02-01,341.3,345.03,345.65,340.98
2011-02-02,344.45,344.32,345.25,343.55
2011-02-03,343.8,343.44,344.24,338.55
2011-02-04,343.64,346.5,346.7,343.51
2011-02-07,347.89,351.88,353.25,347.64
2011-02-08,353.68,355.2,355.52,352.15
2011-02-09,355.19,358.16,359.0,354.87
2011-02-10,357.39,354.54,360.0,348.0
2011-02-11,354.7526,356.85,357.8,353.5401
2011-02-14,356.79,359.18,359.48,356.71
2011-02-15,359.19,359.9,359.97,357.55
2011-02-16,360.8,363.13,364.9,360.5
2011-02-17,357.25,358.3,360.27,356.52
2011-02-18,358.71,350.56,359.5,349.52
2011-02-22,342.15,338.61,345.4,337.72
2011-02-23,338.77,342.62,344.64,338.61
2011-02-24,344.02,342.88,345.15,338.37
2011-02-25,345.26,348.16,348.43,344.8
2011-02-28,351.24,353.21,355.05,351.12
2011-03-01,355.47,349.31,355.72,347.681
2011-03-02,349.96,352.12,354.35,348.4
2011-03-03,357.19,359.56,359.79,355.92
2011-03-04,360.07,360.0,360.29,357.75
2011-03-07,361.4,355.36,361.67,351.31
2011-03-08,354.91,355.76,357.4,352.25
2011-03-09,354.69,352.47,354.76,350.6
2011-03-10,349.12,346.67,349.77,344.9
2011-03-11,345.33,351.99,352.32,345.0
2011-03-14,353.18,353.56,356.4844,351.31
2011-03-15,342.1,345.43,347.84,340.1
2011-03-16,342.0,330.01,343.0,326.26
2011-03-17,336.83,334.64,339.61,330.6596
2011-03-18,337.13,330.67,338.2,330.0
2011-03-21,335.99,339.3,339.74,335.26
2011-03-22,342.56,341.2,342.62,339.14
2011-03-23,339.28,339.19,340.22,335.95
2011-03-24,341.85,344.97,346.0,338.86
2011-03-25,348.07,351.54,352.06,347.02
2011-03-28,353.15,350.44,354.32,350.44
2011-03-29,347.66,350.96,350.96,346.06
2011-03-30,350.64,348.63,350.88,347.44
2011-03-31,346.36,348.5075,349.8,346.06
2011-04-01,351.11,344.56,351.5872,343.3
2011-04-04,344.31,341.19,344.6,338.4
2011-04-05,336.99,338.89,342.25,336.0
2011-04-06,341.22,338.04,343.9,337.14
2011-04-07,338.1,338.08,340.43,336.03
2011-04-08,339.92,335.06,340.15,333.95
2011-04-11,334.06,330.8,335.67,330.02
2011-04-12,330.49,332.4,333.73,330.2
2011-04-13,335.02,336.13,336.14,332.52
2011-04-14,334.8,332.42,336.0,332.06
2011-04-15,333.3,327.46,333.64,326.8
2011-04-18,326.1,331.85,332.23,320.16
2011-04-19,333.1,337.86,337.98,331.71
2011-04-20,343.51,342.41,345.75,341.5
2011-04-21,355.0,350.69599999999997,355.13,348.52
2011-04-25,350.34,353.009,353.75,350.3
2011-04-26,353.62,350.42,354.99,349.35
2011-04-27,352.24,350.15,352.35,347.1
2011-04-28,346.19,346.75,349.75,345.52
2011-04-29,346.78,350.13,353.95,346.666
2011-05-02,349.74,346.28,350.469,345.5
2011-05-03,347.99,348.2,349.89,345.62
2011-05-04,348.26,349.57,351.83,346.88
2011-05-05,348.4,346.75,350.95,346.05
2011-05-06,349.69,346.66,350.0,346.21
2011-05-09,347.86,347.6,349.2,346.5276
2011-05-10,348.89,349.45,349.69,346.66
2011-05-11,349.02,347.23,350.0,345.24
2011-05-12,346.12,346.57,347.12,342.27
2011-05-13,345.66,340.5,346.25,340.35
2011-05-16,339.2,333.3,341.22,332.6
2011-05-17,332.0,336.14,336.14,330.73
2011-05-18,336.47,339.87,341.05,336.0
2011-05-19,342.08,340.53,342.414,338.67
2011-05-20,339.56,335.22,340.95,335.02
2011-05-23,329.97,334.4,335.98,329.42
2011-05-24,335.5,332.19,335.899,331.34
2011-05-25,333.43,336.78,338.56,332.85
2011-05-26,335.97,335.0,336.89,334.435
2011-05-27,334.8,337.41,337.63,334.31
2011-05-31,341.1,347.83,347.83,341.0
2011-06-01,348.87,345.51,352.13199999999995,344.65
2011-06-02,346.5,346.102,347.98,344.3
2011-06-03,343.18,343.44,345.33,342.01
2011-06-06,345.7,338.04,347.05,337.81
2011-06-07,338.17,332.04,338.22,331.9
2011-06-08,331.78,332.24,334.8,330.65
2011-06-09,333.25,331.49,333.67,330.75
2011-06-10,330.55,325.9,331.66,325.51
2011-06-13,327.2,326.6,328.31,325.07
2011-06-14,330.0,332.44,333.25,329.31
2011-06-15,329.75,326.75,330.3,324.88
2011-06-16,326.9,325.16,328.6811,318.33
2011-06-17,328.99,320.26,329.25,319.36
2011-06-20,317.355,315.32,317.7,310.5
2011-06-21,316.68,325.3,325.8,315.2
2011-06-22,325.16,322.61,328.9,322.38
2011-06-23,318.94,331.23,331.69,318.12
2011-06-24,331.37,326.35,333.15,325.09
2011-06-27,327.59,332.04,333.9,327.25
2011-06-28,333.65,335.26,336.7,333.44
2011-06-29,336.04,334.04,336.37,331.88
2011-06-30,334.7,335.67,336.13,332.84
2011-07-01,335.95,343.26,343.5,334.2
2011-07-05,343.0,349.43,349.83,342.5
2011-07-06,348.95,351.76,354.1,346.71
2011-07-07,354.67,357.2,358.0,354.0
2011-07-08,353.34,359.71,360.0,352.2
2011-07-11,356.34,354.0,359.77,352.82
2011-07-12,353.53,353.75,357.68,348.62
2011-07-13,358.33,358.02,360.0,356.38
2011-07-14,361.01,357.77,361.61,356.34
2011-07-15,361.17,364.92,365.0,359.17
2011-07-18,365.43,373.8,374.65,365.28
2011-07-19,378.0,376.85,378.65,373.32
2011-07-20,396.12,386.9,396.27,386.0
2011-07-21,386.95,387.29,390.06,383.9
2011-07-22,388.32,393.3,395.05,387.75
2011-07-25,390.35,398.5,400.0,389.62
2011-07-26,400.0,403.41,404.5,399.68
2011-07-27,400.59,392.59,402.64,392.15
2011-07-28,391.62,391.82,396.99,388.13
2011-07-29,387.64,390.48,395.15,384.0
2011-08-01,397.78,396.75,399.5,392.37
2011-08-02,397.65,388.91,397.9,388.35
2011-08-03,390.98,392.57,393.55,382.24
2011-08-04,389.41,377.37,391.32,377.35
2011-08-05,380.44,373.62,383.5,362.57
2011-08-08,361.69,353.21,367.77,353.02
2011-08-09,361.3,374.01,374.61,355.0
2011-08-10,371.15,363.69,374.65,362.5
2011-08-11,370.52,373.7,375.45,364.72
2011-08-12,378.07,376.99,379.64,374.23
2011-08-15,379.63,383.41,384.97,378.09
2011-08-16,381.52,380.48,383.37,376.06
2011-08-17,382.31,380.44,384.52,378.0
2011-08-18,370.84,366.05,372.65,361.37
2011-08-19,362.17,356.03,367.0,356.0
2011-08-22,364.51,356.44,364.88,355.09
2011-08-23,360.3,373.6,373.64,357.0
2011-08-24,373.47,376.18,378.96,370.6
2011-08-25,365.08,373.72,375.45,365.0
2011-08-26,371.17,383.58,383.8,370.8008
2011-08-29,388.18,389.97,391.5,388.0
2011-08-30,388.25,389.99,391.84,386.21
2011-08-31,390.57,384.83,392.08,381.86
2011-09-01,385.82,381.03,387.3399,380.72
2011-09-02,374.74,374.05,378.0,371.83
2011-09-06,367.37,379.74,380.33,366.48
2011-09-07,385.56,383.93,385.6,382.0
2011-09-08,382.4,384.14,388.61,382.31
2011-09-09,383.93,377.48,386.0,375.02
2011-09-12,373.0,379.94,380.88,371.9
2011-09-13,382.14,384.62,386.21,380.25
2011-09-14,387.02,389.3,392.21,385.76
2011-09-15,391.43,392.96,393.66,389.9
2011-09-16,395.54,400.5,400.50300000000004,395.03
2011-09-19,397.0,411.63,413.23,395.2045
2011-09-20,415.25,413.45,422.86,411.19
2011-09-21,419.64,412.14,421.59,412.0
2011-09-22,401.03,401.82,409.82,396.7
2011-09-23,400.28,404.3,406.74,399.85
2011-09-26,399.86,403.17,403.98,391.3
2011-09-27,408.73,399.26,409.25,398.06
2011-09-28,400.19,397.01,403.74,396.51
2011-09-29,401.92,390.57,402.21,386.21
2011-09-30,387.12,381.32,388.89,381.18
2011-10-03,380.37,374.6,382.64,373.171
2011-10-04,374.57,372.5,381.8,354.24
2011-10-05,367.86,378.25,379.82,360.3
2011-10-06,373.33,377.37,384.78,371.8045
2011-10-07,375.78,369.8,377.74,368.48900000000003
2011-10-10,379.09,388.81,388.81,378.21
2011-10-11,392.57,400.29,403.18,391.5
2011-10-12,407.34,402.19,409.25,400.14
2011-10-13,404.98,408.43,408.43,402.85
2011-10-14,416.83,422.0,422.0,415.27
2011-10-17,421.74,419.99,426.7,415.94
2011-10-18,421.76,422.24,424.8067,415.99
2011-10-19,401.35,398.62,408.41900000000004,397.8
2011-10-20,400.0,395.31,400.35,394.21
2011-10-21,398.1,392.87,399.14,390.75
2011-10-24,396.18,405.77,406.5,395.4
2011-10-25,405.03,397.77,406.55,397.38
2011-10-26,401.76,400.6,402.55,393.151
2011-10-27,407.56,404.69,409.0,401.89
2011-10-28,403.0,404.95,406.35,402.51
2011-10-31,402.42,404.78,409.33,401.05
2011-11-01,397.41,396.51,399.5,393.22
2011-11-02,400.09,397.41,400.44,395.11
2011-11-03,399.07,403.07,403.4,395.36
2011-11-04,402.03,400.24,403.44,399.16
2011-11-07,399.91,399.73,400.0,396.13
2011-11-08,402.21,406.23,408.0,401.56
2011-11-09,396.97,395.28,400.89,394.23
2011-11-10,397.03,385.22,397.21,382.15
2011-11-11,386.61,384.62,388.7,380.26
2011-11-14,383.5201,379.26,385.25,378.2
2011-11-15,380.8,388.83,389.5,379.45
2011-11-16,389.25,384.77,391.14,384.32
2011-11-17,383.98,377.41,384.58,375.5
2011-11-18,378.92,374.94,379.99,374.88
2011-11-21,370.4,369.01,371.68,365.91
2011-11-22,371.02,376.51,377.93,370.94
2011-11-23,374.51,366.99,375.84,366.88
2011-11-25,368.42,363.57,371.15,363.32
2011-11-28,372.35,376.12,376.72,370.33
2011-11-29,375.84,373.2,378.83,370.2
2011-11-30,381.29,382.2,382.276,378.3
2011-12-01,382.54,387.93,389.0,380.75
2011-12-02,389.83,389.7,393.6299,388.58
2011-12-05,393.49,393.01,396.41,390.38800000000003
2011-12-06,392.51,390.95,394.63,389.38
2011-12-07,389.93,389.09,390.94,386.7625
2011-12-08,391.45,390.66,395.5,390.23
2011-12-09,392.85,393.62,394.04,391.03
2011-12-12,391.68,391.84,393.9,389.45
2011-12-13,393.0,388.81,395.4,387.1
2011-12-14,386.7,380.19,387.38,377.68
2011-12-15,383.33,378.94,383.74,378.31
2011-12-16,380.36,381.02,384.15,379.57
2011-12-19,382.47,382.21,384.85,380.48
2011-12-20,387.76,395.95,396.1,387.26
2011-12-21,396.69,396.445,397.3,392.01
2011-12-22,397.0,398.55,399.13,396.1
2011-12-23,399.69,403.33,403.59,399.495
2011-12-27,403.1,406.53,409.09,403.02
2011-12-28,406.89,402.64,408.25,401.34
2011-12-29,403.4,405.12,405.65,400.51
2011-12-30,403.51,405.0,406.28,403.49
2012-01-03,409.4,411.23,412.5,409.0
2012-01-04,410.0,413.44,414.68,409.28
2012-01-05,414.95,418.03,418.55,412.67
2012-01-06,419.77,422.4,422.75,419.22
2012-01-09,425.5001,421.73,427.75,421.35
2012-01-10,425.9101,423.24,426.0,421.5
2012-01-11,422.68,422.55,422.85,419.31
2012-01-12,422.28,421.39,422.9,418.75
2012-01-13,419.7,419.81,420.45,418.66
2012-01-17,424.2,424.7,425.99,422.96
2012-01-18,426.96,429.11,429.47,426.3
2012-01-19,430.15,427.75,431.369,426.51
2012-01-20,427.49,420.3,427.5,419.75
2012-01-23,422.67,427.409,428.45,422.3
2012-01-24,425.1001,420.41,425.1001,419.55
2012-01-25,454.44,446.66,454.45,443.73
2012-01-26,448.36,444.63,448.79,443.14
2012-01-27,444.34,447.28,448.48,443.77
2012-01-30,445.71,453.01,453.9,445.39
2012-01-31,455.59,456.48,458.24,453.07
2012-02-01,458.41,456.19,458.99,455.55
2012-02-02,455.9,455.12,457.17,453.98
2012-02-03,457.3,459.68,460.0,455.56
2012-02-06,458.38,463.97,464.98,458.20099999999996
2012-02-07,465.25,468.83,469.75,464.58099999999996
2012-02-08,470.5,476.68,476.79,469.7
2012-02-09,480.76,493.17,496.75,480.56
2012-02-10,490.96,493.42,497.62,488.55
2012-02-13,499.53,502.6,503.83,497.09
2012-02-14,504.66,509.46,509.56,502.0
2012-02-15,514.26,497.67,526.29,496.89
2012-02-16,491.5,502.21,504.89,486.63
2012-02-17,503.11,502.12,507.77,500.3
2012-02-21,506.88,514.85,514.85,504.12
2012-02-22,513.08,513.04,515.49,509.07
2012-02-23,515.08,516.39,517.8296,509.5
2012-02-24,519.67,522.41,522.9,518.64
2012-02-27,521.31,525.76,528.5,516.28
2012-02-28,527.96,535.41,535.41,525.85
2012-02-29,541.56,542.44,547.61,535.7
2012-03-01,548.17,544.47,548.21,538.77
2012-03-02,544.24,545.18,546.8,542.52
2012-03-05,545.42,533.16,547.48,526.0
2012-03-06,523.66,530.26,533.69,516.221
2012-03-07,536.8,530.69,537.78,523.3
2012-03-08,534.69,541.99,542.99,532.12
2012-03-09,544.21,545.17,547.74,543.11
2012-03-12,548.982,552.0,552.0,547.0
2012-03-13,557.54,568.1,568.18,555.75
2012-03-14,578.05,589.58,594.72,575.4
2012-03-15,599.61,585.56,600.01,578.55
2012-03-16,584.72,585.57,589.2,578.0
2012-03-19,598.37,601.1,601.77,589.05
2012-03-20,599.51,605.96,606.9,582.0
2012-03-21,602.74,602.5,609.65,601.41
2012-03-22,597.78,599.34,604.5,595.53
2012-03-23,600.49,596.05,601.8,594.401
2012-03-26,599.79,606.98,607.15,595.26
2012-03-27,606.18,614.48,616.28,606.06
2012-03-28,618.38,617.62,621.45,610.31
2012-03-29,612.78,609.86,616.56,607.23
2012-03-30,608.77,599.55,610.56,597.94
2012-04-02,601.83,618.63,618.77,600.38
2012-04-03,627.3,629.32,632.21,622.51
2012-04-04,624.35,624.31,625.86,617.0
2012-04-05,626.98,633.68,634.66,623.4
2012-04-09,626.13,636.23,639.84,625.3
2012-04-10,639.93,628.44,644.0,626.0
2012-04-11,636.2,626.2,636.87,623.3422
2012-04-12,625.0,622.77,631.33,620.5
2012-04-13,624.11,605.23,624.7,603.51
2012-04-16,610.06,580.13,610.28,578.25
2012-04-17,578.94,609.7,610.0,571.91
2012-04-18,613.72,608.34,620.25,602.71
2012-04-19,600.22,587.44,604.732,584.52
2012-04-20,591.38,572.98,594.62,570.42
2012-04-23,570.61,571.7,576.67,556.62
2012-04-24,562.61,560.28,567.69,555.0
2012-04-25,615.635,610.0,618.0,606.0
2012-04-26,614.27,607.7,614.69,602.13
2012-04-27,605.07,603.0,606.18,600.5
2012-04-30,597.8,583.98,598.4,583.0
2012-05-01,584.9,582.13,596.76,581.23
2012-05-02,580.24,585.98,587.3999,578.86
2012-05-03,590.5,581.82,591.4,580.3
2012-05-04,577.08,565.25,578.36,565.17
2012-05-07,561.5,569.48,572.77,561.23
2012-05-08,569.58,568.18,571.5,558.73
2012-05-09,563.7,569.18,573.9778,560.85
2012-05-10,574.58,570.52,575.88,568.441
2012-05-11,565.0,566.71,574.47,564.35
2012-05-14,562.57,558.22,567.51,557.6
2012-05-15,561.45,553.17,563.22,551.75
2012-05-16,554.05,546.075,556.89,541.04
2012-05-17,545.31,530.12,547.5,530.12
2012-05-18,533.96,530.38,543.41,522.18
2012-05-21,534.5,561.28,561.54,534.05
2012-05-22,569.55,556.97,573.88,552.58
2012-05-23,557.5,570.56,572.8,553.23
2012-05-24,575.87,565.32,576.5,561.23
2012-05-25,564.59,562.29,565.85,558.472
2012-05-29,570.9,572.27,574.0,565.31
2012-05-30,569.2,579.17,579.99,566.56
2012-05-31,580.74,577.73,581.5,571.46
2012-06-01,569.16,560.99,572.65,560.52
2012-06-04,561.5,564.29,567.5,548.5
2012-06-05,561.27,562.83,566.47,558.33
2012-06-06,567.77,571.46,573.85,565.5
2012-06-07,577.29,571.72,577.32,570.5
2012-06-08,571.6,580.32,580.5840000000001,569.0
2012-06-11,587.72,571.17,588.5,570.63
2012-06-12,574.46,576.16,576.62,566.7
2012-06-13,574.52,572.16,578.48,570.38
2012-06-14,571.24,571.53,573.5,567.26
2012-06-15,571.0,574.13,574.62,569.55
2012-06-18,570.96,585.78,587.89,570.37
2012-06-19,583.4,587.41,590.0,583.1
2012-06-20,588.21,585.741,589.25,580.8
2012-06-21,585.44,577.67,588.22,577.44
2012-06-22,579.04,582.1,582.19,575.42
2012-06-25,577.3,570.765,579.8,570.37
2012-06-26,571.33,572.025,574.49,567.33
2012-06-27,575.0,574.5,576.74,571.92
2012-06-28,571.67,569.05,574.0,565.61
2012-06-29,578.0,584.0,584.0,574.25
2012-07-02,584.73,592.52,593.47,583.6
2012-07-03,594.88,599.41,600.0,594.0
2012-07-05,600.56,609.94,614.34,599.65
2012-07-06,607.09,605.88,608.44,601.58
2012-07-09,605.3,613.89,613.9,604.11
2012-07-10,617.97,608.21,619.87,605.31
2012-07-11,606.12,604.43,607.66,597.22
2012-07-12,600.24,598.9,603.47,592.68
2012-07-13,602.95,604.97,607.19,600.0
2012-07-16,605.12,606.91,611.62,605.02
2012-07-17,610.79,606.94,611.5,603.15
2012-07-18,606.59,606.26,608.34,603.56
2012-07-19,611.28,614.32,615.35,606.0
2012-07-20,613.03,604.3,614.44,603.7
2012-07-23,594.4,603.83,605.9,587.71
2012-07-24,607.38,600.92,609.68,598.51
2012-07-25,574.46,574.97,580.8,570.0
2012-07-26,579.76,574.88,580.4,570.36
2012-07-27,575.01,585.16,585.83,571.59
2012-07-30,590.92,595.03,599.44,587.82
2012-07-31,603.23,610.76,611.7,602.72
2012-08-01,615.905,606.81,616.4,603.0
2012-08-02,602.84,607.79,610.69,600.25
2012-08-03,613.63,615.7,617.98,611.56
2012-08-06,617.29,622.55,624.868,615.26
2012-08-07,622.77,620.914,625.0,618.04
2012-08-08,619.39,619.86,623.88,617.1
2012-08-09,617.85,620.73,621.73,617.8
2012-08-10,618.71,621.7,621.76,618.7
2012-08-13,623.39,630.0,630.0,623.25
2012-08-14,631.87,631.69,638.61,630.21
2012-08-15,631.3,630.83,634.0,627.75
2012-08-16,631.21,636.34,636.76,630.5
2012-08-17,640.0,648.11,648.19,638.81
2012-08-20,650.01,665.15,665.15,649.9
2012-08-21,670.82,656.062,674.88,650.33
2012-08-22,654.42,668.87,669.0,648.11
2012-08-23,666.11,662.63,669.9,661.15
2012-08-24,659.51,663.222,669.48,655.55
2012-08-27,679.99,675.68,680.87,673.54
2012-08-28,674.9773,674.8,676.1,670.673
2012-08-29,675.25,673.466,677.67,672.6
2012-08-30,670.64,663.868,671.554,662.8530000000001
2012-08-31,667.25,665.24,668.6,657.25
2012-09-04,665.76,674.97,675.14,664.5
2012-09-05,675.57,670.23,676.35,669.6
2012-09-06,673.17,676.27,678.29,670.8
2012-09-07,678.05,680.44,682.48,675.77
2012-09-10,680.45,662.74,683.29,662.1
2012-09-11,665.11,660.59,670.1,656.5
2012-09-12,666.85,669.79,669.9,656.0
2012-09-13,677.37,682.98,685.5,674.77
2012-09-14,689.955,691.28,696.98,687.89
2012-09-17,699.35,699.7810000000001,699.8,694.61
2012-09-18,699.88,701.91,702.33,696.42
2012-09-19,700.26,702.1,703.99,699.57
2012-09-20,699.16,698.7,700.06,693.62
2012-09-21,702.41,700.095,705.07,699.3617
2012-09-24,686.86,690.79,695.12,683.0
2012-09-25,688.26,673.54,692.78,673.0
2012-09-26,668.74,665.18,672.69,661.2
2012-09-27,664.29,681.32,682.17,660.35
2012-09-28,678.75,667.105,681.11,666.75
2012-10-01,671.16,659.39,676.75,656.5
2012-10-02,661.81,661.31,666.35,650.65
2012-10-03,664.86,671.45,671.86,662.63
2012-10-04,671.25,666.8,674.25,665.55
2012-10-05,665.2,652.59,666.0,651.28
2012-10-08,646.88,638.17,647.56,636.11
2012-10-09,638.65,635.85,640.49,623.55
2012-10-10,639.74,640.91,644.98,637.0
2012-10-11,646.5,628.1,647.2,628.1
2012-10-12,629.56,629.714,635.38,625.3
2012-10-15,632.35,634.76,635.13,623.85
2012-10-16,635.37,649.7925,650.3,631.0
2012-10-17,648.87,644.6136,652.79,644.0
2012-10-18,639.59,632.64,642.06,630.0
2012-10-19,631.05,609.84,631.77,609.62
2012-10-22,612.42,634.03,635.38,610.76
2012-10-23,631.0,613.3554,633.9,611.7
2012-10-24,621.44,616.83,626.55,610.64
2012-10-25,620.0,609.538,622.0,605.55
2012-10-26,609.43,604.0,614.0,591.0
2012-10-31,594.88,595.32,601.96,587.7
2012-11-01,598.22,596.5399,603.0,594.17
2012-11-02,595.89,576.8,596.95,574.75
2012-11-05,583.515,584.6211,587.77,577.6
2012-11-06,590.23,582.8495,590.74,580.09
2012-11-07,573.835,558.0019,574.54,555.75
2012-11-08,560.63,537.75,562.23,535.29
2012-11-09,540.42,547.06,554.88,533.72
2012-11-12,554.15,542.83,554.5,538.65
2012-11-13,538.91,542.898,550.48,536.36
2012-11-14,545.5,536.88,547.45,536.18
2012-11-15,537.53,525.62,539.5,522.62
2012-11-16,525.2,527.678,530.0,505.7501
2012-11-19,540.7097,565.73,567.5,539.88
2012-11-20,571.91,560.9134,571.95,554.58
2012-11-21,564.25,561.7,567.37,556.6
2012-11-23,567.17,571.5,572.0,562.6
2012-11-26,575.9,589.53,590.0,573.71
2012-11-27,589.55,584.78,590.42,580.1
2012-11-28,577.27,582.94,585.8,572.26
2012-11-29,590.215,589.36,594.25,585.25
2012-11-30,586.79,585.28,588.4,582.68
2012-12-03,593.65,586.19,594.59,585.5
2012-12-04,581.8,575.8454,581.8,572.13
2012-12-05,568.91,538.7923,569.25,538.77
2012-12-06,528.94,547.2445,553.31,518.63
2012-12-07,553.4,533.25,555.2,530.0
2012-12-10,525.0,529.8209,538.51,521.58
2012-12-11,539.77,541.388,549.56,537.37
2012-12-12,547.77,539.0,548.0,536.2701
2012-12-13,531.15,529.69,537.6399,525.8
2012-12-14,514.75,509.79400000000004,518.132,505.58
2012-12-17,508.93,518.83,520.0,501.23
2012-12-18,525.0,533.9,534.9,520.25
2012-12-19,531.47,526.31,533.7,525.5
2012-12-20,530.0,521.7302,530.2,518.88
2012-12-21,512.47,519.33,519.67,510.24
2012-12-24,520.35,520.168,524.25,518.71
2012-12-26,519.0,512.9995,519.46,511.12
2012-12-27,513.54,515.06,516.25,504.66
2012-12-28,510.29,509.5892,514.48,508.12
2012-12-31,510.53,532.1729,535.4,509.0
2013-01-02,553.82,549.03,555.0,541.63
2013-01-03,547.88,542.0959,549.67,541.0
2013-01-04,536.965,527.0,538.6299,525.8286
2013-01-07,522.0,523.9,529.3,515.2
2013-01-08,529.21,525.31,531.89,521.25
2013-01-09,522.5,517.1,525.0054,515.99
2013-01-10,528.55,523.51,528.72,515.52
2013-01-11,521.0,520.3,525.32,519.02
2013-01-14,502.68,501.75,507.5,498.51
2013-01-15,498.3,485.92,498.99,483.38
2013-01-16,494.64,506.09,509.44,492.5
2013-01-17,510.31,502.68,510.75,502.03
2013-01-18,498.51599999999996,500.0,502.22,496.4
2013-01-22,504.56,504.77,507.88,496.63
2013-01-23,508.81,514.005,514.99,504.77
2013-01-24,460.0,450.5,465.73,450.25
2013-01-25,451.69,439.88,456.23,435.0
2013-01-28,437.825,449.83,453.21,435.86
2013-01-29,458.5,458.27,460.2,452.12
2013-01-30,457.0,456.83,462.6,454.5
2013-01-31,456.98,455.49,459.28,454.98
2013-02-01,459.11,453.62,459.48,448.35
2013-02-04,453.91,442.316,455.94,442.0
2013-02-05,444.05,457.844,459.74,442.22
2013-02-06,456.47,457.35,466.5,452.58
2013-02-07,463.25,468.22,470.0,454.12
2013-02-08,474.0,474.98,478.81,468.25
2013-02-11,476.5,479.93,484.94,473.25
2013-02-12,479.51,467.9,482.38,467.744
2013-02-13,467.21,467.01,473.64,463.22
2013-02-14,464.5199,466.59,471.64,464.02
2013-02-15,468.85,460.16,470.16,459.92
2013-02-19,461.1,459.99,462.73,453.85
2013-02-20,457.69,448.85,457.69,448.8
2013-02-21,446.0,446.06,449.17,442.82
2013-02-22,449.25,450.81,451.6,446.6
2013-02-25,453.85,442.8,455.12,442.57
2013-02-26,443.82,448.97,451.54,437.66
2013-02-27,448.43,444.57,452.44,440.65
2013-02-28,444.05,441.4,447.87,441.4
2013-03-01,438.0,430.47,438.1799,429.98
2013-03-04,427.8,420.05,428.1999,419.0
2013-03-05,421.48,431.144,435.19,420.75
2013-03-06,434.51,425.662,435.25,424.43
2013-03-07,424.5,430.582,432.01,421.06
2013-03-08,429.8,431.72,435.43,428.61
2013-03-11,429.7499,437.87,439.01,425.14
2013-03-12,435.6,428.43,438.88,427.57
2013-03-13,428.45,428.35,434.5,425.36
2013-03-14,432.83,432.5,434.64,430.45
2013-03-15,437.93,443.66,444.23,437.25
2013-03-18,441.45,455.72,457.46,441.2
2013-03-19,459.5,454.49,460.97,448.5
2013-03-20,457.42,452.08,457.63,449.59
2013-03-21,450.22,452.73,457.98,450.1
2013-03-22,454.58,461.91,462.1,453.11
2013-03-25,464.69,463.58,469.95,461.78
2013-03-26,465.44,461.13599999999997,465.8399,460.53
2013-03-27,456.46,452.08,456.8,450.7301
2013-03-28,449.82,442.66,451.819,441.62
2013-04-01,441.9,428.91,443.69800000000004,427.74
2013-04-02,427.6,429.792,438.14,426.4
2013-04-03,431.37,431.99,437.28,430.31
2013-04-04,433.76,427.72,435.0,425.25
2013-04-05,424.5,423.2,424.95,419.68
2013-04-08,424.85,426.21,427.5,422.49
2013-04-09,426.36,426.98,428.5,422.75
2013-04-10,428.1,435.69,437.06,426.01
2013-04-11,433.72,434.33,437.99,431.2
2013-04-12,434.15,429.8,434.15,429.09
2013-04-15,427.0,419.85,427.89,419.55
2013-04-16,421.57,426.24,426.61,420.57
2013-04-17,420.27,402.8,420.6,398.11
2013-04-18,404.99,392.05,405.79,389.74199999999996
2013-04-19,387.97,390.53,399.6,385.1
2013-04-22,392.64,398.67,402.2,391.275
2013-04-23,403.99,406.13,408.381,398.81
2013-04-24,393.54,405.462,415.25,392.5
2013-04-25,411.225,408.38,413.94,407.0
2013-04-26,409.81,417.205,418.769,408.25
2013-04-29,420.45,430.12,433.61699999999996,420.0
2013-04-30,435.1,442.78,445.25,432.07
2013-05-01,444.46,439.29,444.93,434.39
2013-05-02,441.78,445.52,448.59,440.63
2013-05-03,451.31,449.98,453.23,449.15
2013-05-06,455.71,460.71,462.2,454.31
2013-05-07,464.97,458.658,465.75,453.7
2013-05-08,459.04,463.84,465.37,455.81
2013-05-09,459.81,456.77,463.0,455.58
2013-05-10,457.97,452.97,459.71,450.48
2013-05-13,451.51,454.74,457.9,451.5
2013-05-14,453.85,443.86,455.2,442.15
2013-05-15,439.16,428.85,441.0,422.36
2013-05-16,423.24,434.57800000000003,437.85,418.9
2013-05-17,439.05,433.26,440.09,431.01
2013-05-20,431.91,442.93,445.8,430.1
2013-05-21,438.15,439.66,445.48,434.2
2013-05-22,444.05,441.35400000000004,448.3499,438.22
2013-05-23,435.95,442.14,446.16,435.79
2013-05-24,440.85,445.15,445.66,440.36
2013-05-28,449.9,441.439,451.11,440.85
2013-05-29,440.0,444.95,447.5,439.4
2013-05-30,445.65,451.58,454.5,444.51
2013-05-31,452.5,449.735,457.1,449.5
2013-06-03,450.73,450.72,452.36,442.48
2013-06-04,453.22,449.31,454.43,447.39
2013-06-05,445.65,445.11,450.72,443.71
2013-06-06,445.47,438.46,447.0,434.05
2013-06-07,436.5,441.811,443.24,432.77
2013-06-10,444.73,438.89,449.079,436.8
2013-06-11,435.74,437.6,442.7599,433.32
2013-06-12,439.5,432.19,441.25,431.5
2013-06-13,432.5,435.965,437.14,428.75
2013-06-14,435.4,430.05,436.29,428.5
2013-06-17,431.44,432.0,435.7,430.3615
2013-06-18,431.56,431.77,434.9,430.21
2013-06-19,431.4,423.0,431.66,423.0
2013-06-20,419.3,416.838,425.98,415.17
2013-06-21,418.49,413.5,420.0,408.1001
2013-06-24,407.4,402.54,408.66,398.05
2013-06-25,405.7,402.63,407.79,398.83
2013-06-26,403.9,398.07,404.79,395.66
2013-06-27,399.25,393.78,401.39,393.54
2013-06-28,391.36,396.53,400.27,388.87
2013-07-01,402.69,409.22,412.27,401.22
2013-07-02,409.96,418.49,421.63,409.47
2013-07-03,420.86,420.8,422.98,417.45
2013-07-05,420.39,417.42,423.29,415.35
2013-07-08,420.11,415.05,421.0,410.65
2013-07-09,413.6,422.35,423.5,410.38
2013-07-10,419.6,420.73,424.8,418.25
2013-07-11,422.95,427.288,428.25,421.1701
2013-07-12,427.65,426.51,429.79,423.41
2013-07-15,425.01,427.44,431.46,424.8
2013-07-16,426.52,430.195,430.71,424.17
2013-07-17,429.7,430.31,432.22,428.22
2013-07-18,433.38,431.75800000000004,434.87,430.61
2013-07-19,433.1,424.95,433.98,424.35
2013-07-22,429.46,426.31,429.75,425.468
2013-07-23,426.0,418.99,426.96,418.71
2013-07-24,438.93,440.51,444.59,435.26
2013-07-25,440.7,438.5,441.4,435.81
2013-07-26,435.3,440.99,441.04,434.34
2013-07-29,440.8,447.79,449.99,440.2
2013-07-30,449.96,453.32,457.15,449.23
2013-07-31,454.99,452.53,457.3425,449.43
2013-08-01,455.7527,456.676,456.8,453.26
2013-08-02,458.01,462.54,462.85,456.66
2013-08-05,464.69,469.45,470.67,462.15
2013-08-06,468.02,465.25,471.89,462.17
2013-08-07,463.8,464.98,467.0,461.77
2013-08-08,463.855,461.01,464.1,457.95
2013-08-09,458.64,454.45,460.46,453.65
2013-08-12,456.86,467.36,468.65,456.63
2013-08-13,470.94,489.57,494.66,468.05
2013-08-14,497.88,498.5,504.25,493.4
2013-08-15,496.42,497.91,502.399,489.0833
2013-08-16,500.15,502.33,502.94,498.86
2013-08-19,504.34,507.74,513.74,504.0
2013-08-20,509.71,501.07,510.57,500.82
2013-08-21,503.59,502.36,507.15,501.2
2013-08-22,504.98,502.96,505.59,498.2
2013-08-23,503.27,501.02,503.35,499.35
2013-08-26,500.75,502.97,510.2,500.5
2013-08-27,498.0,488.59,502.51,486.3
2013-08-28,486.0,490.89599999999996,495.8,486.0
2013-08-29,491.65,491.7,496.5,491.13
2013-08-30,492.0,487.216,492.95,486.5
2013-09-03,493.1,488.58,500.6,487.35
2013-09-04,499.56,498.691,502.24,496.28
2013-09-05,500.25,495.27,500.68,493.64
2013-09-06,498.44,498.22,499.38,489.95
2013-09-09,505.0,506.17,507.92,503.48
2013-09-10,506.2,494.64,507.45,489.5
2013-09-11,467.0101,467.71,473.69,464.81
2013-09-12,468.5,472.69,475.4,466.01
2013-09-13,469.3402,464.9,471.8292,464.7
2013-09-16,461.0,450.12,461.6099,447.22
2013-09-17,447.96,455.32,459.71,447.5
2013-09-18,463.18,464.68,466.35,460.66
2013-09-19,470.7,472.3,475.83,469.25
2013-09-20,478.0,467.41,478.55,466.0
2013-09-23,496.1,490.64,496.91,482.6
2013-09-24,494.88,489.1,495.47,487.82
2013-09-25,489.2,481.53,489.64,481.4301
2013-09-26,486.0,486.22,488.56,483.9
2013-09-27,483.78,482.75,484.67,480.72
2013-09-30,477.25,476.75,481.66,474.411
2013-10-01,478.45,487.96,489.14,478.381
2013-10-02,485.63,489.56,491.8,483.75
2013-10-03,490.51,483.41,492.35,480.7387
2013-10-04,483.86,483.03,484.6,478.6
2013-10-07,486.56,487.75,492.65,485.35
2013-10-08,489.94,480.94,490.64,480.54
2013-10-09,484.64,486.588,487.79,478.28
2013-10-10,491.32,489.63800000000003,492.38,487.04
2013-10-11,486.99,492.81199999999995,493.84,485.16
2013-10-14,489.83,496.04,497.58,489.35
2013-10-15,497.505,498.68,502.0,495.52
2013-10-16,500.79,501.11400000000003,502.53,499.23
2013-10-17,499.98,504.5,504.78,499.68
2013-10-18,505.99,508.89,509.26,505.71
2013-10-21,511.77,521.362,524.3,511.52
2013-10-22,526.405,519.8675,528.4496,508.03
2013-10-23,519.0,524.96,525.67,519.0
2013-10-24,525.0,531.91,532.47,522.45
2013-10-25,531.315,525.9580000000001,533.23,525.11
2013-10-28,529.04,529.876,531.0,523.21
2013-10-29,536.27,516.678,539.25,514.54
2013-10-30,519.61,524.896,527.52,517.02
2013-10-31,525.0,522.702,527.49,521.27
2013-11-01,524.02,520.03,524.8,515.84
2013-11-04,521.1,526.75,526.82,518.81
2013-11-05,524.58,525.4490000000001,528.885,523.0
2013-11-06,524.15,520.92,524.86,518.2
2013-11-07,519.58,512.492,523.19,512.38
2013-11-08,514.58,520.56,521.13,512.59
2013-11-11,519.99,519.048,521.67,514.41
2013-11-12,517.67,520.01,523.92,517.0
2013-11-13,518.0,520.634,522.25,516.96
2013-11-14,522.81,528.16,529.28,521.87
2013-11-15,526.58,524.991,529.09,524.49
2013-11-18,524.99,518.629,527.19,518.2
2013-11-19,519.03,519.55,523.38,517.97
2013-11-20,519.23,515.0,520.42,514.33
2013-11-21,517.6,521.136,521.21,513.67
2013-11-22,519.52,519.8,522.16,518.53
2013-11-25,521.02,523.74,525.87,521.0
2013-11-26,524.12,533.4,536.14,524.0
2013-11-27,536.3098,545.96,546.0,533.4
2013-11-29,549.48,556.07,558.33,547.81
2013-12-02,558.0,551.23,564.3299,550.82
2013-12-03,558.3,566.322,566.38,557.68
2013-12-04,565.5,565.0,569.19,560.82
2013-12-05,572.65,567.901,575.1358,566.41
2013-12-06,565.79,560.02,566.75,559.57
2013-12-09,560.9001,566.43,569.58,560.9001
2013-12-10,563.58,565.55,567.88,561.2
2013-12-11,567.0,561.36,570.97,559.69
2013-12-12,562.1415,560.54,565.34,560.03
2013-12-13,562.85,554.43,562.88,553.67
2013-12-16,555.02,557.5,562.6389,555.01
2013-12-17,555.81,554.99,559.44,553.375
2013-12-18,549.7,550.77,551.45,538.8
2013-12-19,549.5,544.46,550.0,543.7301
2013-12-20,545.43,549.02,551.61,544.8175
2013-12-23,568.0,570.09,570.72,562.76
2013-12-24,569.89,567.67,571.88,566.03
2013-12-26,568.1,563.9,569.5,563.376
2013-12-27,563.82,560.09,564.41,559.5
2013-12-30,557.46,554.52,560.09,552.321
2013-12-31,554.17,561.02,561.28,554.0
2014-01-02,555.68,553.13,557.03,552.021
2014-01-03,552.86,540.98,553.7,540.43
2014-01-06,537.45,543.93,546.8,533.6
2014-01-07,544.32,540.0375,545.96,537.925
2014-01-08,538.81,543.46,545.56,538.69
2014-01-09,546.8,536.519,546.86,535.3501
2014-01-10,539.83,532.94,540.8,531.11
2014-01-13,529.91,535.73,542.5,529.88
2014-01-14,538.22,546.39,546.73,537.66
2014-01-15,553.52,557.36,560.2,551.66
2014-01-16,554.9,554.25,556.85,551.68
2014-01-17,551.48,540.67,552.07,539.9
2014-01-21,540.99,549.07,550.07,540.42
2014-01-22,550.9147,551.51,557.29,547.81
2014-01-23,549.94,556.18,556.5,544.8064
2014-01-24,554.0,546.07,555.62,544.75
2014-01-27,550.07,550.5,554.8,545.75
2014-01-28,508.76,506.5,515.0,502.07
2014-01-29,503.95,500.75,507.37,498.62
2014-01-30,502.54,499.782,506.5,496.7
2014-01-31,495.18,500.6,501.53,493.55
2014-02-03,502.61,501.53,507.73,499.3
2014-02-04,505.85,508.79,509.46,502.76
2014-02-05,506.56,512.59,515.28,506.2519
2014-02-06,510.06,512.51,513.5,507.81
2014-02-07,521.38,519.68,522.9299,517.38
2014-02-10,518.66,528.99,531.99,518.0
2014-02-11,530.61,535.96,537.75,529.5
2014-02-12,536.95,535.92,539.56,533.24
2014-02-13,534.66,544.43,544.85,534.2
2014-02-14,542.47,543.99,545.9799,541.21
2014-02-18,546.0,545.99,551.19,545.61
2014-02-19,544.75,537.37,546.89,534.35
2014-02-20,532.99,531.15,537.0,529.0
2014-02-21,532.7927,525.25,534.57,524.6
2014-02-24,523.15,527.55,529.9199,522.42
2014-02-25,529.38,522.06,529.565,521.0
2014-02-26,523.61,517.35,525.0,515.6
2014-02-27,517.14,527.67,528.78,516.05
2014-02-28,529.08,526.24,532.75,522.12
2014-03-03,523.42,527.76,530.65,522.81
2014-03-04,531.0,531.24,532.64,527.77
2014-03-05,530.92,532.36,534.75,529.13
2014-03-06,532.79,530.75,534.4399,528.1
2014-03-07,531.09,530.44,531.98,526.05
2014-03-10,528.36,530.92,533.33,528.3391
2014-03-11,535.45,536.09,538.74,532.59
2014-03-12,534.51,536.61,537.35,532.0
2014-03-13,537.44,530.65,539.66,529.16
2014-03-14,528.79,524.69,530.89,523.0
2014-03-17,527.7,526.74,529.97,525.85
2014-03-18,525.9,531.4,531.97,525.2001
2014-03-19,532.26,531.26,536.24,529.0
2014-03-20,529.89,528.7,532.67,527.35
2014-03-21,531.93,532.87,533.75,526.33
2014-03-24,538.42,539.19,540.5,535.06
2014-03-25,541.5,544.99,545.75,539.59
2014-03-26,546.52,539.78,549.0,538.86
2014-03-27,540.015,537.46,541.5,535.1201
2014-03-28,538.32,536.86,538.9399,534.25
2014-03-31,539.23,536.74,540.81,535.93
2014-04-01,537.76,541.65,541.87,536.77
2014-04-02,542.38,542.55,543.48,540.26
2014-04-03,541.39,538.79,542.5,537.64
2014-04-04,539.81,531.82,540.0,530.58
2014-04-07,528.02,523.47,530.9,521.89
2014-04-08,525.19,523.44,526.12,518.7001
2014-04-09,522.64,530.32,530.49,522.02
2014-04-10,530.68,523.48,532.24,523.17
2014-04-11,519.0,519.61,522.83,517.14
2014-04-14,521.9,521.68,522.16,517.21
2014-04-15,520.27,517.9599,521.64,511.33
2014-04-16,518.05,519.01,521.09,514.1354
2014-04-17,520.0,524.94,527.76,519.2
2014-04-21,525.34,531.17,532.14,523.96
2014-04-22,528.31,531.6990000000001,531.826,526.501
2014-04-23,529.06,524.75,531.13,524.45
2014-04-24,568.21,567.77,570.0,560.73
2014-04-25,564.53,571.94,571.99,563.96
2014-04-28,572.8,594.09,595.75,572.55
2014-04-29,593.74,592.33,595.98,589.51
2014-04-30,592.64,590.09,599.43,589.8
2014-05-01,592.0,591.48,594.8,586.36
2014-05-02,592.34,592.58,594.2,589.71
2014-05-05,590.14,600.96,601.0,590.0
2014-05-06,601.8,594.41,604.4099,594.41
2014-05-07,595.25,592.33,597.29,587.73
2014-05-08,588.25,587.99,594.41,586.4
2014-05-09,584.54,585.5425,586.25,580.33
2014-05-12,587.49,592.83,593.66,587.4
2014-05-13,592.0,593.76,594.54,590.7
2014-05-14,592.43,593.87,597.4,591.74
2014-05-15,594.7,588.82,596.6,588.04
2014-05-16,588.63,597.51,597.53,585.4
2014-05-19,597.85,604.59,607.33,597.33
2014-05-20,604.51,604.71,606.4,600.73
2014-05-21,603.83,606.31,606.7,602.06
2014-05-22,606.6,607.27,609.85,604.1
2014-05-23,607.25,614.13,614.7293,606.47
2014-05-27,615.88,625.63,625.86,615.63
2014-05-28,626.02,624.01,629.83,623.78
2014-05-29,627.85,635.38,636.87,627.77
2014-05-30,637.98,633.0,644.17,628.9
2014-06-02,633.96,628.65,634.83,622.5
2014-06-03,628.46,637.54,638.74,628.25
2014-06-04,637.44,644.82,647.89,636.11
2014-06-05,646.2,647.35,649.3699,642.61
2014-06-06,649.9,645.57,651.26,644.47
2014-06-09,92.7,93.7,93.88,91.75
2014-06-10,94.73,94.25,95.05,93.57
2014-06-11,94.13,93.86,94.76,93.47
2014-06-12,94.04,92.29,94.12,91.9
2014-06-13,92.2,91.28,92.44,90.88
2014-06-16,91.51,92.2,92.75,91.45
2014-06-17,92.31,92.08,92.7,91.8
2014-06-18,92.27,92.18,92.29,91.35
2014-06-19,92.29,91.86,92.3,91.3389
2014-06-20,91.85,90.91,92.55,90.9
2014-06-23,91.32,90.83,91.62,90.6
2014-06-24,90.75,90.28,91.74,90.19
2014-06-25,90.21,90.36,90.7,89.65
2014-06-26,90.37,90.9,91.05,89.8
2014-06-27,90.82,91.98,92.0,90.77
2014-06-30,92.1,92.93,93.725,92.09
2014-07-01,93.52,93.52,94.07,93.13
2014-07-02,93.865,93.48,94.06,93.09
2014-07-03,93.67,94.03,94.1,93.2
2014-07-07,94.14,95.96799999999999,95.99,94.1
2014-07-08,96.27,95.35,96.8,93.92
2014-07-09,95.44,95.39,95.95,94.76
2014-07-10,93.76,95.035,95.55,93.52
2014-07-11,95.36,95.22,95.89,94.8625
2014-07-14,95.86,96.45,96.89,95.65
2014-07-15,96.8,95.32,96.85,95.03
2014-07-16,96.97,94.78,97.1,94.74
2014-07-17,95.03,93.0899,95.279,92.57
2014-07-18,93.62,94.43,94.74,93.02
2014-07-21,94.99,93.939,95.0,93.72
2014-07-22,94.68,94.72,94.89,94.12
2014-07-23,95.42,97.19,97.88,95.17
2014-07-24,97.035,97.03,97.32,96.42
2014-07-25,96.85,97.671,97.84,96.64
2014-07-28,97.82,99.02,99.24,97.55
2014-07-29,99.33,98.38,99.44,98.25
2014-07-30,98.44,98.15,98.7,97.67
2014-07-31,97.16,95.6,97.45,95.33
2014-08-01,94.9,96.13,96.62,94.81
2014-08-04,96.37,95.59,96.58,95.17
2014-08-05,95.36,95.12,95.68,94.36
2014-08-06,94.75,94.96,95.48,94.71
2014-08-07,94.93,94.48,95.95,94.1
2014-08-08,94.26,94.74,94.82,93.28
2014-08-11,95.27,95.99,96.08,94.8355
2014-08-12,96.04,95.97,96.88,95.61
2014-08-13,96.15,97.24,97.24,96.04
2014-08-14,97.33,97.5,97.57,96.8
2014-08-15,97.9,97.98,98.19,96.86
2014-08-18,98.49,99.16,99.37,97.98
2014-08-19,99.41,100.53,100.68,99.32
2014-08-20,100.44,100.57,101.09,99.95
2014-08-21,100.57,100.58,100.94,100.11
2014-08-22,100.29,101.32,101.47,100.19
2014-08-25,101.79,101.54,102.17,101.28
2014-08-26,101.42,100.889,101.5,100.86
2014-08-27,101.02,102.13,102.57,100.7
2014-08-28,101.59,102.25,102.78,101.56
2014-08-29,102.86,102.5,102.9,102.2
2014-09-02,103.06,103.3,103.74,102.72
2014-09-03,103.1,98.94,103.2,98.58
2014-09-04,98.85,98.12,100.09,97.79
2014-09-05,98.8,98.97,99.39,98.31
2014-09-08,99.3,98.36,99.31,98.05
2014-09-09,99.08,97.99,103.08,96.14
2014-09-10,98.01,101.0,101.11,97.76
2014-09-11,100.41,101.43,101.44,99.62
2014-09-12,101.21,101.66,102.19,101.08
2014-09-15,102.81,101.63,103.05,101.44
2014-09-16,99.8,100.86,101.26,98.89
2014-09-17,101.27,101.58,101.8,100.5922
2014-09-18,101.93,101.79,102.35,101.56
2014-09-19,102.29,100.96,102.35,100.5
2014-09-22,101.8,101.06,102.14,100.58
2014-09-23,100.6,102.64,102.94,100.54
2014-09-24,102.16,101.75,102.85,101.2
2014-09-25,100.51,97.87,100.71,97.72
2014-09-26,98.53,100.75,100.75,98.4
2014-09-29,98.65,100.11,100.435,98.63
2014-09-30,100.81,100.75,101.54,100.53
2014-10-01,100.59,99.18,100.69,98.7
2014-10-02,99.27,99.9,100.22,98.04
2014-10-03,99.44,99.62,100.21,99.04
2014-10-06,99.95,99.62,100.65,99.42
2014-10-07,99.43,98.75,100.12,98.73
2014-10-08,98.76,100.8,101.11,98.31
2014-10-09,101.54,101.02,102.38,100.61
2014-10-10,100.69,100.73,102.03,100.3
2014-10-13,101.33,99.81,101.78,99.81
2014-10-14,100.39,98.75,100.52,98.57
2014-10-15,97.97,97.54,99.15,95.18
2014-10-16,95.55,96.26,97.72,95.41
2014-10-17,97.5,97.67,99.0,96.81
2014-10-20,98.315,99.76,99.96,98.22
2014-10-21,103.02,102.47,103.02,101.27
2014-10-22,102.84,102.99,104.11,102.6
2014-10-23,104.08,104.83,105.051,103.63
2014-10-24,105.18,105.22,105.49,104.53
2014-10-27,104.85,105.11,105.48,104.7
2014-10-28,105.4,106.74,106.74,105.35
2014-10-29,106.65,107.34,107.37,106.36
2014-10-30,106.959,106.98,107.35,105.9
2014-10-31,108.01,108.0,108.04,107.21
2014-11-03,108.22,109.4,110.3,108.01
2014-11-04,109.36,108.6,109.49,107.72
2014-11-05,109.1,108.86,109.3,108.125
2014-11-06,108.6,108.7,108.79,107.8
2014-11-07,108.75,109.01,109.32,108.55
2014-11-10,109.02,108.83,109.33,108.67
2014-11-11,108.7,109.7,109.75,108.4
2014-11-12,109.38,111.25,111.43,109.37
2014-11-13,111.8,112.82,113.45,111.6
2014-11-14,113.15,114.18,114.19,113.05
2014-11-17,114.27,113.99,117.28,113.3
2014-11-18,113.94,115.47,115.69,113.89
2014-11-19,115.44,114.67,115.74,113.8
2014-11-20,114.91,116.31,116.86,114.85
2014-11-21,117.51,116.47,117.57,116.03
2014-11-24,116.85,118.625,118.77,116.62
2014-11-25,119.07,117.6,119.75,117.45
2014-11-26,117.94,119.0,119.1,117.83
2014-11-28,119.27,118.93,119.4,118.05
2014-12-01,118.81,115.07,119.25,111.27
2014-12-02,113.5,114.63,115.75,112.75
2014-12-03,115.75,115.93,116.35,115.11
2014-12-04,115.77,115.49,117.2,115.29
2014-12-05,115.99,115.0,116.08,114.64
2014-12-08,114.1,112.4,114.648,111.62
2014-12-09,110.19,114.12,114.3,109.35
2014-12-10,114.41,111.95,114.85,111.54
2014-12-11,112.26,111.62,113.8,111.34
2014-12-12,110.46,109.73,111.87,109.58
2014-12-15,110.7,108.225,111.6,106.35
2014-12-16,106.37,106.745,110.16,106.26
2014-12-17,107.12,109.41,109.84,106.82
2014-12-18,111.87,112.65,112.65,110.66
2014-12-19,112.26,111.78,113.24,111.66
2014-12-22,112.16,112.94,113.49,111.97
2014-12-23,113.23,112.54,113.33,112.46
2014-12-24,112.58,112.01,112.71,112.01
2014-12-26,112.1,113.99,114.52,112.01
2014-12-29,113.79,113.91,114.77,113.7
2014-12-30,113.64,112.52,113.92,112.11
2014-12-31,112.82,110.38,113.13,110.21
2015-01-02,111.39,109.33,111.44,107.35
2015-01-05,108.29,106.25,108.65,105.41
2015-01-06,106.54,106.26,107.43,104.63
2015-01-07,107.2,107.75,108.2,106.695
2015-01-08,109.23,111.89,112.15,108.7
2015-01-09,112.67,112.01,113.25,110.21
2015-01-12,112.6,109.25,112.63,108.8
2015-01-13,111.43,110.22,112.8,108.91
2015-01-14,109.04,109.8,110.49,108.5
2015-01-15,110.0,106.82,110.06,106.66
2015-01-16,107.03,105.99,107.58,105.2
2015-01-20,107.84,108.72,108.8667,106.5
2015-01-21,108.95,109.55,111.06,108.27
2015-01-22,110.26,112.4,112.47,109.72
2015-01-23,112.3,112.98,113.75,111.53
2015-01-26,113.74,113.1,114.3626,112.8
2015-01-27,112.42,109.14,112.48,109.03
2015-01-28,117.625,115.31,118.12,115.31
2015-01-29,116.32,118.9,119.19,115.56
2015-01-30,118.4,117.16,120.0,116.85
2015-02-02,118.05,118.63,119.17,116.08
2015-02-03,118.5,118.65,119.09,117.61
2015-02-04,118.5,119.56,120.51,118.309
2015-02-05,120.02,119.94,120.23,119.25
2015-02-06,120.02,118.93,120.25,118.45
2015-02-09,118.55,119.72,119.84,118.43
2015-02-10,120.17,122.02,122.15,120.16
2015-02-11,122.77,124.88,124.92,122.5
2015-02-12,126.06,126.46,127.48,125.57
2015-02-13,127.28,127.08,127.28,125.65
2015-02-17,127.49,127.83,128.88,126.92
2015-02-18,127.625,128.715,128.78,127.45
2015-02-19,128.48,128.45,129.03,128.33
2015-02-20,128.62,129.495,129.5,128.05
2015-02-23,130.02,133.0,133.0,129.66
2015-02-24,132.94,132.17,133.6,131.17
2015-02-25,131.56,128.79,131.6,128.15
2015-02-26,128.785,130.415,130.87,126.61
2015-02-27,130.0,128.46,130.57,128.24
2015-03-02,129.25,129.09,130.28,128.3
2015-03-03,128.96,129.36,129.52,128.09
2015-03-04,129.1,128.54,129.56,128.32
2015-03-05,128.58,126.41,128.75,125.76
2015-03-06,128.4,126.6,129.37,126.26
2015-03-09,127.96,127.14,129.57,125.06
2015-03-10,126.41,124.51,127.22,123.8
2015-03-11,124.75,122.24,124.77,122.11
2015-03-12,122.31,124.45,124.9,121.63
2015-03-13,124.4,123.59,125.3951,122.58
2015-03-16,123.88,124.95,124.95,122.87
2015-03-17,125.9,127.04,127.32,125.65
2015-03-18,127.0,128.47,129.16,126.37
2015-03-19,128.75,127.495,129.2451,127.4
2015-03-20,128.25,125.9,128.4,125.16
2015-03-23,127.12,127.21,127.85,126.52
2015-03-24,127.23,126.69,128.04,126.56
2015-03-25,126.54,123.38,126.82,123.38
2015-03-26,122.76,124.24,124.88,122.6
2015-03-27,124.57,123.25,124.7,122.91
2015-03-30,124.05,126.37,126.4,124.0
2015-03-31,126.09,124.43,126.49,124.355
2015-04-01,124.82,124.25,125.12,123.1
2015-04-02,125.03,125.32,125.56,124.19
2015-04-06,124.47,127.35,127.51,124.33
2015-04-07,127.64,126.01,128.1218,125.98
2015-04-08,125.85,125.6,126.4,124.97
2015-04-09,125.85,126.56,126.58,124.66
2015-04-10,125.95,127.1,127.21,125.26
2015-04-13,128.37,126.85,128.57,126.61
2015-04-14,127.0,126.3,127.29,125.91
2015-04-15,126.41,126.78,127.13,126.01
2015-04-16,126.28,126.17,127.1,126.11
2015-04-17,125.55,124.75,126.14,124.46
2015-04-20,125.57,127.6,128.12,125.17
2015-04-21,128.1,126.91,128.2,126.67
2015-04-22,126.99,128.62,128.87,126.32
2015-04-23,128.3,129.67,130.42,128.14
2015-04-24,130.49,130.28,130.63,129.23
2015-04-27,132.31,132.65,133.13,131.15
2015-04-28,134.455,130.56,134.54,129.57
2015-04-29,130.16,128.64,131.59,128.3
2015-04-30,127.5,125.15,127.88,124.58
2015-05-01,126.1,128.95,130.13,125.3
2015-05-04,129.5,128.7,130.57,128.26
2015-05-05,128.15,125.8,128.4498,125.78
2015-05-06,126.56,125.01,126.75,123.36
2015-05-07,124.77,125.26,126.08,124.02
2015-05-08,126.68,127.62,127.62,126.11
2015-05-11,127.39,126.32,127.56,125.625
2015-05-12,125.6,125.865,126.88,124.82
2015-05-13,126.15,126.01,127.19,125.87
2015-05-14,127.41,128.95,128.95,127.16
2015-05-15,129.07,128.77,129.49,128.21
2015-05-18,128.38,130.19,130.72,128.36
2015-05-19,130.69,130.07,130.88,129.64
2015-05-20,130.0,130.06,130.98,129.34
2015-05-21,130.07,131.39,131.63,129.83
2015-05-22,131.6,132.54,132.97,131.4
2015-05-26,132.6,129.62,132.91,129.12
2015-05-27,130.34,132.045,132.26,130.05
2015-05-28,131.86,131.78,131.95,131.1
2015-05-29,131.23,130.28,131.45,129.9
2015-06-01,131.2,130.535,131.39,130.05
2015-06-02,129.86,129.96,130.655,129.32
2015-06-03,130.66,130.12,130.94,129.9
2015-06-04,129.58,129.36,130.58,128.91
2015-06-05,129.5,128.65,129.69,128.36
2015-06-08,128.9,127.8,129.21,126.83
2015-06-09,126.7,127.42,128.08,125.62
2015-06-10,127.92,128.88,129.34,127.85
2015-06-11,129.18,128.59,130.18,128.475
2015-06-12,128.185,127.17,128.33,127.11
2015-06-15,126.1,126.92,127.24,125.71
2015-06-16,127.03,127.6,127.85,126.37
2015-06-17,127.72,127.3,127.88,126.74
2015-06-18,127.23,127.88,128.31,127.22
2015-06-19,127.71,126.6,127.82,126.4
2015-06-22,127.49,127.61,128.06,127.08
2015-06-23,127.48,127.03,127.61,126.8792
2015-06-24,127.21,128.11,129.8,127.12
2015-06-25,128.86,127.5,129.2,127.5
2015-06-26,127.67,126.75,127.99,126.51
2015-06-29,125.46,124.53,126.47,124.48
2015-06-30,125.57,125.425,126.12,124.86
2015-07-01,126.9,126.6,126.94,125.99
2015-07-02,126.43,126.44,126.69,125.77
2015-07-06,124.94,126.0,126.23,124.85
2015-07-07,125.89,125.69,126.15,123.77
2015-07-08,124.48,122.57,124.64,122.54
2015-07-09,123.85,120.07,124.06,119.22
2015-07-10,121.94,123.28,123.85,121.21
2015-07-13,125.03,125.66,125.755,124.32
2015-07-14,126.04,125.61,126.37,125.04
2015-07-15,125.72,126.82,127.15,125.58
2015-07-16,127.74,128.51,128.57,127.35
2015-07-17,129.08,129.62,129.62,128.31
2015-07-20,130.97,132.07,132.97,130.7
2015-07-21,132.85,130.75,132.92,130.32
2015-07-22,121.99,125.22,125.5,121.99
2015-07-23,126.2,125.16,127.09,125.06
2015-07-24,125.32,124.5,125.74,123.9
2015-07-27,123.09,122.77,123.61,122.12
2015-07-28,123.38,123.38,123.91,122.55
2015-07-29,123.15,122.99,123.5,122.27
2015-07-30,122.32,122.37,122.5699,121.71
2015-07-31,122.6,121.3,122.6425,120.91
2015-08-03,121.5,118.44,122.57,117.52
2015-08-04,117.42,114.64,117.7,113.25
2015-08-05,112.95,115.4,117.44,112.1
2015-08-06,115.97,115.13,116.5,114.115
2015-08-07,114.58,115.52,116.25,114.5
2015-08-10,116.53,119.72,119.99,116.53
2015-08-11,117.81,113.49,118.18,113.33
2015-08-12,112.53,115.24,115.42,109.63
2015-08-13,116.04,115.15,116.4,114.54
2015-08-14,114.32,115.96,116.31,114.01
2015-08-17,116.04,117.16,117.65,115.5
2015-08-18,116.43,116.5,117.44,116.01
2015-08-19,116.1,115.01,116.52,114.68
2015-08-20,114.08,112.65,114.35,111.63
2015-08-21,110.43,105.76,111.9,105.645
2015-08-24,94.87,103.12,108.8,92.0
2015-08-25,111.11,103.74,111.11,103.5
2015-08-26,107.085,109.69,109.89,105.05
2015-08-27,112.23,112.92,113.24,110.02
2015-08-28,112.17,113.29,113.31,111.54
2015-08-31,112.03,112.76,114.53,112.0
2015-09-01,110.15,107.72,111.88,107.36
2015-09-02,110.23,112.34,112.34,109.131
2015-09-03,112.49,110.37,112.78,110.04
2015-09-04,108.97,109.27,110.45,108.51
2015-09-08,111.65,112.31,112.56,110.32
2015-09-09,113.76,110.15,114.02,109.77
2015-09-10,110.27,112.57,113.2825,109.9
2015-09-11,111.79,114.21,114.21,111.76
2015-09-14,116.58,115.31,116.89,114.86
2015-09-15,115.93,116.28,116.53,114.42
2015-09-16,116.25,116.41,116.54,115.44
2015-09-17,115.66,113.92,116.49,113.715
2015-09-18,112.21,113.45,114.3,111.87
2015-09-21,113.67,115.21,115.37,113.66
2015-09-22,113.38,113.4,114.18,112.5201
2015-09-23,113.63,114.32,114.72,113.3
2015-09-24,113.25,115.0,115.5,112.37
2015-09-25,116.44,114.71,116.69,114.02
2015-09-28,113.85,112.44,114.57,112.44
2015-09-29,112.83,109.06,113.51,107.86
2015-09-30,110.17,110.3,111.54,108.73
2015-10-01,109.07,109.58,109.62,107.31
2015-10-02,108.01,110.38,111.0136,107.55
2015-10-05,109.88,110.78,111.3698,109.07
2015-10-06,110.63,111.31,111.74,109.765
2015-10-07,111.74,110.78,111.77,109.41
2015-10-08,110.19,109.5,110.19,108.21
2015-10-09,110.0,112.12,112.28,109.49
2015-10-12,112.73,111.6,112.75,111.44
2015-10-13,110.82,111.79,112.45,110.68
2015-10-14,111.29,110.21,111.52,109.56
2015-10-15,110.93,111.86,112.1,110.49
2015-10-16,111.78,111.04,112.0,110.53
2015-10-19,110.8,111.73,111.75,110.11
2015-10-20,111.34,113.77,114.17,110.82
2015-10-21,114.0,113.76,115.58,113.7
2015-10-22,114.33,115.5,115.5,114.1
2015-10-23,116.7,119.08,119.228,116.33
2015-10-26,118.08,115.28,118.13,114.92
2015-10-27,115.4,114.55,116.54,113.99
2015-10-28,116.93,119.27,119.3,116.06
2015-10-29,118.7,120.53,120.69,118.27
2015-10-30,120.99,119.5,121.22,119.45
2015-11-02,119.87,121.18,121.36,119.61
2015-11-03,120.79,122.57,123.49,120.7
2015-11-04,123.13,122.0,123.82,121.62
2015-11-05,121.85,120.92,122.69,120.18
2015-11-06,121.11,121.06,121.81,120.62
2015-11-09,120.96,120.57,121.81,120.05
2015-11-10,116.9,116.77,118.07,116.061
2015-11-11,116.37,116.11,117.42,115.21
2015-11-12,116.26,115.72,116.82,115.65
2015-11-13,115.2,112.34,115.57,112.27
2015-11-16,111.38,114.175,114.24,111.0
2015-11-17,114.92,113.69,115.05,113.32
2015-11-18,115.76,117.29,117.49,115.5
2015-11-19,117.64,118.78,119.75,116.76
2015-11-20,119.2,119.3,119.92,118.85
2015-11-23,119.27,117.75,119.73,117.34
2015-11-24,117.33,118.88,119.35,117.12
2015-11-25,119.21,118.03,119.23,117.92
2015-11-27,118.29,117.81,118.41,117.6
2015-11-30,117.99,118.3,119.41,117.75
2015-12-01,118.75,117.34,118.81,116.86
2015-12-02,117.05,116.28,118.11,116.08
2015-12-03,116.55,115.2,116.79,114.22
2015-12-04,115.29,119.03,119.25,115.11
2015-12-07,118.98,118.28,119.86,117.81
2015-12-08,117.52,118.23,118.6,116.86
2015-12-09,117.64,115.62,117.69,115.08
2015-12-10,116.04,116.17,116.94,115.51
2015-12-11,115.19,113.18,115.39,112.851
2015-12-14,112.18,112.48,112.68,109.79
2015-12-15,111.94,110.49,112.8,110.35
2015-12-16,111.07,111.34,111.99,108.8
2015-12-17,112.02,108.98,112.25,108.98
2015-12-18,108.91,106.03,109.52,105.81
2015-12-21,107.28,107.33,107.37,105.57
2015-12-22,107.4,107.23,107.72,106.45100000000001
2015-12-23,107.27,108.61,108.85,107.2
2015-12-24,109.0,108.03,109.0,107.95
2015-12-28,107.59,106.82,107.69,106.1807
2015-12-29,106.96,108.74,109.43,106.86
2015-12-30,108.58,107.32,108.7,107.18
2015-12-31,107.01,105.26,107.03,104.82
2016-01-04,102.61,105.35,105.368,102.0
2016-01-05,105.75,102.71,105.85,102.41
2016-01-06,100.56,100.7,102.37,99.87
2016-01-07,98.68,96.45,100.13,96.43
2016-01-08,98.55,96.96,99.11,96.76
2016-01-11,98.97,98.53,99.06,97.34
2016-01-12,100.55,99.96,100.69,98.8399
2016-01-13,100.32,97.39,101.19,97.3
2016-01-14,97.96,99.52,100.48,95.74
2016-01-15,96.2,97.13,97.71,95.36
2016-01-19,98.41,96.66,98.65,95.5
2016-01-20,95.1,96.79,98.1897,93.42
2016-01-21,97.06,96.3,97.88,94.94
2016-01-22,98.63,101.42,101.46,98.37
2016-01-25,101.52,99.44,101.53,99.21
2016-01-26,99.93,99.99,100.88,98.07
2016-01-27,96.04,93.42,96.6289,93.34
2016-01-28,93.79,94.09,94.52,92.39
2016-01-29,94.79,97.34,97.34,94.35
2016-02-01,96.47,96.43,96.71,95.4
2016-02-02,95.42,94.48,96.04,94.28
2016-02-03,95.0,96.35,96.84,94.08
2016-02-04,95.86,96.6,97.33,95.19
2016-02-05,96.52,94.02,96.92,93.69
2016-02-08,93.13,95.01,95.7,93.04
2016-02-09,94.29,94.99,95.94,93.93
2016-02-10,95.92,94.27,96.35,94.1
2016-02-11,93.79,93.7,94.72,92.59
2016-02-12,94.19,93.99,94.5,93.01
2016-02-16,95.02,96.64,96.85,94.61
2016-02-17,96.67,98.12,98.21,96.15
2016-02-18,98.84,96.26,98.89,96.09100000000001
2016-02-19,96.0,96.04,96.7599,95.8
2016-02-22,96.31,96.88,96.9,95.92
2016-02-23,96.4,94.69,96.5,94.55
2016-02-24,93.98,96.1,96.38,93.32
2016-02-25,96.05,96.76,96.76,95.25
2016-02-26,97.2,96.91,98.0237,96.58
2016-02-29,96.86,96.69,98.23,96.65
2016-03-01,97.65,100.53,100.77,97.42
2016-03-02,100.51,100.75,100.89,99.64
2016-03-03,100.58,101.5,101.7099,100.45
2016-03-04,102.37,103.01,103.75,101.37
2016-03-07,102.39,101.87,102.83,100.96
2016-03-08,100.78,101.03,101.76,100.4
2016-03-09,101.31,101.12,101.58,100.27
2016-03-10,101.41,101.17,102.24,100.15
2016-03-11,102.24,102.26,102.28,101.5
2016-03-14,101.91,102.52,102.91,101.78
2016-03-15,103.96,104.58,105.18,103.85
2016-03-16,104.61,105.97,106.31,104.59
2016-03-17,105.52,105.8,106.47,104.96
2016-03-18,106.34,105.92,106.5,105.19
2016-03-21,105.93,105.91,107.65,105.1401
2016-03-22,105.25,106.72,107.29,105.21
2016-03-23,106.48,106.13,107.07,105.9
2016-03-24,105.47,105.67,106.25,104.89
2016-03-28,106.0,105.19,106.19,105.06
2016-03-29,104.89,107.68,107.79,104.88
2016-03-30,108.65,109.56,110.42,108.6
2016-03-31,109.72,108.99,109.9,108.88
2016-04-01,108.78,109.99,110.0,108.2
2016-04-04,110.42,111.12,112.19,110.27
2016-04-05,109.51,109.81,110.73,109.42
2016-04-06,110.23,110.96,110.98,109.2
2016-04-07,109.95,108.54,110.42,108.12100000000001
2016-04-08,108.91,108.66,109.77,108.17
2016-04-11,108.97,109.02,110.61,108.83
2016-04-12,109.34,110.44,110.5,108.66
2016-04-13,110.8,112.04,112.34,110.8
2016-04-14,111.62,112.1,112.39,111.33
2016-04-15,112.11,109.85,112.3,109.73
2016-04-18,108.89,107.48,108.95,106.94
2016-04-19,107.88,106.91,108.0,106.23
2016-04-20,106.64,107.13,108.09,106.06
2016-04-21,106.93,105.97,106.93,105.52
2016-04-22,105.01,105.68,106.48,104.62
2016-04-25,105.0,105.08,105.65,104.51
2016-04-26,103.91,104.35,105.3,103.91
2016-04-27,96.0,97.82,98.71,95.68
2016-04-28,97.61,94.83,97.88,94.25
2016-04-29,93.99,93.74,94.72,92.51
2016-05-02,93.965,93.64,94.08,92.4
2016-05-03,94.2,95.18,95.74,93.68
2016-05-04,95.2,94.19,95.9,93.82
2016-05-05,94.0,93.24,94.07,92.68
2016-05-06,93.37,92.72,93.45,91.85
2016-05-09,93.0,92.79,93.77,92.59
2016-05-10,93.33,93.42,93.57,92.11
2016-05-11,93.48,92.51,93.57,92.46
2016-05-12,92.72,90.34,92.78,89.47
2016-05-13,90.0,90.52,91.67,90.0
2016-05-16,92.39,93.88,94.39,91.65
2016-05-17,94.55,93.49,94.7,93.01
2016-05-18,94.16,94.56,95.21,93.89
2016-05-19,94.64,94.2,94.64,93.57
2016-05-20,94.64,95.22,95.43,94.52
2016-05-23,95.87,96.43,97.19,95.67
2016-05-24,97.22,97.9,98.09,96.84
2016-05-25,98.67,99.62,99.74,98.11
2016-05-26,99.68,100.41,100.73,98.64
2016-05-27,99.44,100.35,100.47,99.245
2016-05-31,99.6,99.86,100.4,98.82
2016-06-01,99.02,98.46,99.54,98.33
2016-06-02,97.6,97.72,97.84,96.63
2016-06-03,97.79,97.92,98.27,97.45
2016-06-06,97.99,98.63,101.89,97.55
2016-06-07,99.25,99.03,99.87,98.96
2016-06-08,99.02,98.94,99.56,98.68
2016-06-09,98.5,99.65,99.99,98.46
2016-06-10,98.53,98.83,99.3457,98.48
2016-06-13,98.69,97.34,99.12,97.1
2016-06-14,97.32,97.46,98.475,96.75
2016-06-15,97.82,97.14,98.41,97.03
2016-06-16,96.45,97.55,97.75,96.07
2016-06-17,96.62,95.33,96.65,95.3
2016-06-20,96.0,95.1,96.57,95.03
2016-06-21,94.94,95.91,96.35,94.676
2016-06-22,96.25,95.55,96.89,95.35
2016-06-23,95.94,96.1,96.29,95.25
2016-06-24,92.91,93.4,94.655,92.65
2016-06-27,93.0,92.04,93.05,91.5
2016-06-28,92.9,93.59,93.66,92.14
2016-06-29,93.97,94.4,94.55,93.63
2016-06-30,94.44,95.6,95.77,94.3
2016-07-01,95.49,95.89,96.465,95.33
2016-07-05,95.39,94.99,95.4,94.46
2016-07-06,94.6,95.53,95.66,94.37
2016-07-07,95.7,95.94,96.5,95.62
2016-07-08,96.49,96.68,96.89,96.05
2016-07-11,96.75,96.98,97.65,96.73
2016-07-12,97.17,97.42,97.7,97.12
2016-07-13,97.41,96.87,97.67,96.84
2016-07-14,97.39,98.79,98.99,97.32
2016-07-15,98.92,98.78,99.3,98.5
2016-07-18,98.7,99.83,100.13,98.6
2016-07-19,99.56,99.87,100.0,99.34
2016-07-20,100.0,99.96,100.46,99.735
2016-07-21,99.83,99.43,101.0,99.13
2016-07-22,99.26,98.66,99.3,98.31
2016-07-25,98.25,97.34,98.84,96.92
2016-07-26,96.82,96.67,97.97,96.42
2016-07-27,104.265,102.95,104.35,102.75
2016-07-28,102.83,104.34,104.45,102.82
2016-07-29,104.19,104.21,104.55,103.68
2016-08-01,104.41,106.05,106.15,104.41
2016-08-02,106.05,104.48,106.07,104.0
2016-08-03,104.81,105.79,105.84,104.77
2016-08-04,105.58,105.87,106.0,105.28
2016-08-05,106.27,107.48,107.65,106.18
2016-08-08,107.52,108.37,108.37,107.16
2016-08-09,108.23,108.81,108.94,108.01
2016-08-10,108.71,108.0,108.9,107.76
2016-08-11,108.52,107.93,108.93,107.85
2016-08-12,107.78,108.18,108.44,107.78
2016-08-15,108.14,109.48,109.54,108.08
2016-08-16,109.63,109.38,110.23,109.21
2016-08-17,109.1,109.22,109.37,108.34
2016-08-18,109.23,109.08,109.6,109.02
2016-08-19,108.77,109.36,109.69,108.36
2016-08-22,108.86,108.51,109.1,107.85
2016-08-23,108.59,108.85,109.32,108.53
2016-08-24,108.565,108.03,108.75,107.68
2016-08-25,107.39,107.57,107.88,106.68
2016-08-26,107.41,106.94,107.95,106.31
2016-08-29,106.62,106.82,107.44,106.29
2016-08-30,105.8,106.0,106.5,105.5
2016-08-31,105.66,106.1,106.5699,105.64
2016-09-01,106.14,106.73,106.8,105.62
2016-09-02,107.7,107.73,108.0,106.82
2016-09-06,107.9,107.7,108.3,107.51
2016-09-07,107.83,108.36,108.76,107.07
2016-09-08,107.25,105.52,107.27,105.24
2016-09-09,104.64,103.13,105.72,103.13
2016-09-12,102.65,105.44,105.72,102.53
2016-09-13,107.51,107.95,108.79,107.24
2016-09-14,108.73,111.77,113.03,108.6
2016-09-15,113.86,115.57,115.73,113.49
2016-09-16,115.12,114.92,116.13,114.04
2016-09-19,115.19,113.58,116.18,113.25
2016-09-20,113.05,113.57,114.12,112.51
2016-09-21,113.85,113.55,113.98899999999999,112.441
2016-09-22,114.35,114.62,114.94,114.0
2016-09-23,114.42,112.71,114.79,111.55
2016-09-26,111.64,112.88,113.39,111.55
2016-09-27,113.0,113.09,113.18,112.34
2016-09-28,113.69,113.95,114.64,113.43
2016-09-29,113.16,112.18,113.8,111.8
2016-09-30,112.46,113.05,113.37,111.8
2016-10-03,112.71,112.52,113.05,112.28
2016-10-04,113.06,113.0,114.31,112.63
2016-10-05,113.4,113.05,113.66,112.69
2016-10-06,113.7,113.89,114.34,113.13
2016-10-07,114.31,114.06,114.56,113.51
2016-10-10,115.02,116.05,116.75,114.72
2016-10-11,117.7,116.3,118.69,116.2
2016-10-12,117.35,117.34,117.98,116.75
2016-10-13,116.79,116.98,117.44,115.72
2016-10-14,117.88,117.63,118.17,117.13
2016-10-17,117.33,117.55,117.84,116.78
2016-10-18,118.18,117.47,118.21,117.45
2016-10-19,117.25,117.12,117.76,113.8
2016-10-20,116.86,117.06,117.38,116.33
2016-10-21,116.81,116.6,116.91,116.28
2016-10-24,117.1,117.65,117.74,117.0
2016-10-25,117.95,118.25,118.36,117.31
2016-10-26,114.31,115.59,115.7,113.31
2016-10-27,115.39,114.48,115.86,114.1
2016-10-28,113.87,113.72,115.21,113.45
2016-10-31,113.65,113.54,114.23,113.2
2016-11-01,113.46,111.49,113.77,110.53
2016-11-02,111.4,111.59,112.35,111.23
2016-11-03,110.98,109.83,111.46,109.55
2016-11-04,108.53,108.84,110.25,108.11
2016-11-07,110.08,110.41,110.51,109.46
2016-11-08,110.31,111.06,111.72,109.7
2016-11-09,109.88,110.88,111.32,108.05
2016-11-10,111.09,107.79,111.09,105.83
2016-11-11,107.12,108.43,108.87,106.55
2016-11-14,107.71,105.71,107.809,104.08
2016-11-15,106.57,107.11,107.68,106.1593
2016-11-16,106.7,109.99,110.23,106.6
2016-11-17,109.81,109.95,110.35,108.83
2016-11-18,109.72,110.06,110.54,109.66
2016-11-21,110.12,111.73,111.99,110.01
2016-11-22,111.95,111.8,112.42,111.4
2016-11-23,111.36,111.23,111.51,110.33
2016-11-25,111.13,111.79,111.87,110.95
2016-11-28,111.43,111.57,112.465,111.39
2016-11-29,110.78,111.46,112.03,110.07
2016-11-30,111.6,110.52,112.2,110.27
2016-12-01,110.365,109.49,110.94,109.03
2016-12-02,109.17,109.9,110.09,108.85
2016-12-05,110.0,109.11,110.03,108.25
2016-12-06,109.5,109.95,110.36,109.19
2016-12-07,109.26,111.03,111.19,109.16
2016-12-08,110.86,112.12,112.43,110.6
2016-12-09,112.31,113.95,114.7,112.31
2016-12-12,113.29,113.3,115.0,112.49
2016-12-13,113.84,115.19,115.92,113.75
2016-12-14,115.04,115.19,116.2,114.98
2016-12-15,115.38,115.82,116.73,115.23
2016-12-16,116.47,115.97,116.5,115.645
2016-12-19,115.8,116.64,117.38,115.75
2016-12-20,116.74,116.95,117.5,116.68
2016-12-21,116.8,117.06,117.4,116.78
2016-12-22,116.35,116.29,116.51,115.64
2016-12-23,115.59,116.52,116.52,115.59
2016-12-27,116.52,117.26,117.8,116.49
2016-12-28,117.52,116.76,118.0166,116.2
2016-12-29,116.45,116.73,117.1095,116.4
2016-12-30,116.65,115.82,117.2,115.43
