交易日,农林牧渔1,采掘2,化工3,钢铁4,有色金属5,电子6,家用电器7,食品饮料8,纺织服装9,轻工制造10,医药生物11,公用事业12,交通运输13,房地产14,商业贸易15,休闲服务16,综合17,建筑材料18,建筑装饰19,电气设备20,国防军工21,计算机22,传媒23,通信24,银行25,非银金融26,汽车27,机械设备28
2020-03-27,-2.32,0.12,-0.30,0.84,-0.65,-1.10,0.25,1.31,2.17,0.35,-0.46,0.22,-0.29,0.96,1.17,-0.58,-0.64,1.36,2.26,-0.28,-0.05,-1.99,-1.21,-1.68,0.30,0.01,-0.14,0.59
2020-03-26,1.03,-1.05,-1.09,-1.53,-1.03,-2.47,-1.21,-0.02,-0.73,-0.85,2.14,-1.18,-0.89,-1.06,-0.03,-2.22,-0.77,-2.08,-1.89,-2.44,-1.57,-0.79,-0.96,-2.80,0.59,-1.07,-1.33,-1.47
2020-03-25,2.55,1.46,2.26,0.80,2.37,3.53,3.56,2.40,3.29,2.69,3.53,1.19,2.73,4.33,1.79,1.92,3.73,1.39,1.62,3.26,1.65,2.03,2.86,1.60,1.73,2.06,4.74,2.10
2020-03-24,2.85,2.67,1.69,1.87,4.15,1.37,3.25,3.95,1.56,2.47,1.92,1.70,2.02,2.21,1.63,1.68,2.68,2.92,1.42,1.03,1.58,2.20,1.13,2.67,2.64,2.65,3.86,1.93
2020-03-23,-3.37,-2.76,-4.73,-2.74,-4.18,-7.26,-5.08,-2.30,-3.98,-3.77,-1.55,-1.88,-3.35,-4.04,-2.99,-4.78,-5.32,-2.11,-3.23,-5.13,-5.15,-5.24,-3.98,-2.72,-2.33,-3.59,-6.05,-3.31
2020-03-20,0.34,1.39,1.06,0.54,1.48,-0.21,1.16,3.65,1.18,1.98,2.69,1.41,1.57,2.36,0.70,4.93,1.05,4.03,1.75,0.09,0.73,0.02,1.62,0.82,2.33,1.23,1.12,1.83
2020-03-19,0.42,-1.46,0.23,0.20,-0.35,2.39,-2.35,-2.02,-1.61,-0.41,-1.35,-0.59,-1.52,-2.05,3.00,-1.95,-1.32,-0.58,-0.47,0.47,1.31,1.84,1.84,4.32,-2.84,-0.76,-0.89,0.25
2020-03-18,1.14,-1.61,-1.26,-0.99,-1.90,-1.64,-0.38,-2.52,-1.41,-1.46,-0.90,-1.22,-1.63,-3.65,-1.53,-2.14,-1.65,0.20,-1.73,-1.46,-2.72,-1.60,-1.86,-3.77,-2.31,-2.99,-2.20,-1.96
2020-03-17,-0.55,-0.46,-0.26,-0.76,-1.29,-0.11,-1.91,-1.37,-1.34,-0.97,-0.59,-0.06,-0.96,-1.24,-0.76,-1.39,-0.63,-0.13,0.47,1.01,0.10,1.68,0.71,-1.32,-0.18,0.15,-0.99,0.15
2020-03-16,-4.39,-2.52,-3.80,-2.50,-4.07,-7.54,-4.44,-3.96,-1.32,-3.78,-2.73,-2.25,-2.89,-2.89,-3.23,-4.86,-3.13,-4.24,-2.84,-6.30,-5.21,-5.80,-4.73,-8.14,-3.02,-4.85,-5.48,-4.72
2020-03-13,0.03,-1.37,-2.05,-1.93,-2.02,-0.27,-2.36,-1.70,-3.24,-1.33,-2.14,-1.79,-1.66,-1.17,-1.31,2.62,-1.28,-1.60,-1.12,0.90,-0.24,0.51,-0.95,-0.90,-0.92,-1.36,-1.49,-1.50
2020-03-12,-4.04,-2.10,-2.84,-0.04,-2.81,-1.88,-2.50,-2.13,-2.89,-2.46,-2.85,-1.22,-2.12,-1.33,-1.64,-2.81,-3.04,-2.01,-1.28,-2.56,-2.20,-1.39,-1.85,0.13,-0.51,-1.44,-1.78,-2.32
2020-03-11,-0.06,-0.79,-1.75,0.07,-1.18,-3.01,-1.61,-0.23,-1.15,-1.45,-1.07,-0.21,0.89,-0.78,-0.53,1.70,-1.19,-1.85,-1.55,-0.98,0.49,-2.42,-1.93,-1.70,-0.84,-2.14,-1.03,-1.47
2020-03-10,-0.54,1.05,0.86,1.76,1.41,5.27,2.59,2.95,-2.54,1.84,-0.30,1.13,1.11,1.36,1.41,3.58,0.81,3.23,2.99,3.24,4.25,4.75,2.98,6.64,1.09,2.40,2.72,1.84
2020-03-09,-1.59,-4.00,-3.21,-3.37,-4.97,-6.49,-3.42,-3.69,-0.88,-3.87,-1.42,-2.28,-1.09,-2.86,-2.31,-4.47,-2.32,-3.79,-3.97,-4.06,-5.44,-6.34,-4.97,-1.33,-2.55,-3.16,-4.92,-3.73
2020-03-06,-1.26,-0.96,0.55,-0.82,-0.22,-0.77,-1.63,-1.66,3.27,-0.29,0.68,-0.90,-1.15,-2.54,0.80,-0.72,0.40,-2.85,-2.36,0.14,-0.83,-1.30,-1.45,-1.23,-1.58,-2.61,-1.25,-0.13
2020-03-05,5.33,1.72,1.82,1.80,1.30,1.14,4.09,4.11,2.14,2.26,2.11,1.78,1.50,0.77,1.57,4.56,1.25,0.24,0.28,3.09,1.04,-0.81,1.53,0.98,2.69,2.68,1.23,1.22
2020-03-04,2.00,1.00,0.46,1.45,1.06,-2.27,-0.21,1.39,1.05,1.31,-0.17,1.22,1.28,3.39,2.99,0.08,0.37,2.18,2.42,-0.46,0.60,-0.81,0.84,-0.30,0.20,2.04,0.09,0.90
2020-03-03,1.30,0.72,0.83,0.27,1.02,0.44,0.47,1.42,1.02,0.60,2.34,0.92,0.70,0.09,0.88,0.24,1.33,-0.15,0.56,1.07,1.87,2.54,0.83,-0.13,0.18,0.44,0.83,0.63
2020-03-02,4.37,3.57,4.23,4.96,3.19,2.97,2.74,2.58,3.35,3.97,2.20,3.28,3.03,4.56,3.07,1.56,3.60,8.47,8.35,3.87,3.63,4.76,2.65,7.07,1.84,3.71,3.84,4.98
2020-02-28,-4.96,-4.23,-4.57,-2.96,-6.59,-6.17,-3.21,-3.63,-0.77,-5.08,-2.91,-3.29,-3.65,-1.89,-4.07,-3.28,-4.74,-3.06,-2.40,-6.52,-6.58,-7.09,-5.87,-5.86,-2.66,-4.75,-5.71,-4.87
2020-02-27,0.19,-0.44,-0.20,-0.30,-0.47,-2.08,0.44,1.76,0.32,1.23,0.34,1.32,-0.22,-1.09,0.08,0.70,-0.80,2.52,0.25,0.37,-0.60,2.20,1.00,0.06,0.51,-0.06,0.18,1.06
2020-02-26,-0.35,0.34,-2.05,2.06,-2.74,-6.71,-0.64,-0.89,-0.39,-0.89,-3.07,0.07,-0.21,2.17,0.28,-0.91,-1.70,1.53,3.91,-3.47,-1.70,-4.72,-2.84,-4.56,0.38,-1.09,-2.03,-0.66
2020-02-25,1.22,-1.64,-0.27,-1.29,0.04,1.69,-1.09,-0.98,0.34,-0.95,1.43,-1.47,-0.56,0.05,-0.80,-1.23,0.99,-1.26,-1.57,0.85,0.10,0.02,-0.82,3.60,-1.01,-0.08,1.89,-0.80
2020-02-24,1.24,-0.96,0.70,-0.74,-0.23,4.66,-0.20,-1.59,2.18,0.01,0.96,-0.30,-2.14,-1.27,-0.46,-2.39,1.33,1.12,-0.55,0.33,0.75,3.16,1.14,6.57,-1.17,-0.94,0.01,0.86
2020-02-21,-0.20,0.26,0.70,0.29,1.52,2.46,-0.46,-0.32,0.14,1.15,0.83,0.34,-0.25,-0.88,0.07,-1.22,0.96,0.46,0.13,0.56,2.16,3.50,2.15,2.55,-0.37,-0.59,1.76,0.85
2020-02-20,0.92,1.89,1.64,1.41,0.76,3.74,3.00,2.71,0.86,1.85,0.90,1.15,2.20,1.04,1.48,3.60,1.20,0.98,1.20,2.91,1.22,2.05,2.49,1.62,1.29,4.20,2.62,1.51
2020-02-19,1.27,-0.38,-0.31,-0.94,-1.94,-0.32,-0.66,1.15,-1.18,-0.44,-2.15,-0.16,0.09,0.23,-0.38,2.81,-1.07,0.81,-0.45,-0.33,-1.25,-1.94,-2.54,-1.19,-0.06,0.28,-0.17,-0.11
2020-02-18,-0.36,0.27,1.02,-0.17,0.80,2.75,-0.65,-0.48,1.81,1.62,0.01,0.41,-0.13,-0.94,0.98,-0.08,2.32,-0.87,0.07,2.07,3.31,2.45,1.95,2.26,-1.02,-0.79,0.84,1.40
2020-02-17,2.69,1.99,3.25,2.10,2.75,4.16,1.31,0.98,2.42,3.14,2.09,1.97,2.68,0.79,2.52,1.57,3.57,1.46,2.16,3.01,6.35,3.96,3.38,5.51,1.78,3.48,3.92,3.21
2020-02-14,2.72,0.20,0.41,0.71,1.36,0.69,-0.13,-0.21,-0.40,0.02,0.22,-0.23,-0.14,2.58,-0.39,0.99,-0.71,0.42,0.41,-0.95,0.98,0.01,-0.06,0.06,0.87,1.23,-0.43,0.16
2020-02-13,-0.27,-0.38,-0.84,-1.14,0.94,0.51,-1.56,-0.96,-1.09,-1.29,-1.43,-0.44,-0.99,1.36,-1.33,-1.62,-1.96,0.63,-0.69,-1.00,-1.15,-0.82,-2.12,-1.90,-0.82,-1.31,-0.75,-0.26
2020-02-12,0.90,1.07,1.54,-0.23,3.83,1.97,0.58,0.17,0.66,1.15,1.01,0.84,0.34,0.18,0.56,0.80,0.66,1.23,0.86,3.03,1.80,4.53,2.29,2.06,0.17,0.82,0.88,1.56
2020-02-11,-1.52,0.98,-0.85,1.70,0.34,1.44,2.72,1.87,-2.57,0.18,-0.26,-1.01,0.53,0.82,-0.91,0.97,-0.82,0.79,0.40,-1.17,-1.37,-1.19,-1.12,-0.87,1.05,0.36,-0.43,-0.15
2020-02-10,5.93,1.98,1.63,1.85,3.63,-0.14,0.42,-0.13,0.45,1.18,-1.28,0.56,0.58,2.38,2.64,-0.28,2.28,5.37,1.89,2.34,0.94,0.64,0.00,1.76,-0.41,0.23,3.63,2.33
2020-02-07,-0.50,-0.45,0.61,0.63,-0.42,1.22,-0.88,1.03,1.55,0.89,-1.87,2.21,-0.11,-0.29,0.74,1.23,2.12,-0.11,0.32,0.38,1.79,3.93,2.54,2.62,-0.46,-0.07,-0.13,0.86
2020-02-06,4.32,1.52,3.02,0.58,1.00,2.39,1.47,1.87,2.83,2.27,3.46,2.08,2.15,1.16,2.41,2.58,3.39,1.31,1.96,2.30,2.83,5.03,5.43,3.57,0.69,1.92,1.31,2.29
2020-02-05,2.81,0.86,2.58,1.29,2.64,1.16,1.51,1.27,2.86,2.49,4.34,1.42,2.68,0.90,1.31,2.60,2.18,0.88,1.26,2.76,2.90,2.96,2.72,2.43,-0.04,0.70,3.16,1.72
2020-02-04,2.21,-0.35,1.09,0.98,0.58,3.01,4.14,1.73,-0.05,-0.29,3.71,0.20,0.11,0.64,0.35,-0.12,1.89,2.20,-0.47,2.45,-1.13,2.11,2.03,0.57,2.03,1.42,1.33,0.49
2020-02-03,-9.30,-9.12,-8.54,-9.79,-9.29,-9.74,-8.63,-7.27,-7.17,-9.53,-3.53,-7.93,-8.54,-9.27,-8.26,-9.12,-7.24,-8.76,-9.71,-7.38,-9.37,-9.21,-8.87,-8.96,-6.57,-8.78,-9.24,-9.52
2020-01-23,-4.73,-3.60,-3.70,-3.12,-3.39,-3.54,-3.86,-3.48,-2.42,-4.44,-1.88,-2.70,-2.91,-3.62,-3.89,-3.61,-1.71,-3.65,-3.29,-2.90,-2.14,-4.50,-3.45,-4.36,-2.41,-3.39,-3.40,-3.74
2020-01-22,-1.68,-0.22,0.64,0.14,0.79,3.57,-0.14,-0.04,-1.88,-0.53,-1.45,-0.26,-0.20,1.38,-0.24,0.49,-0.10,0.09,-0.01,2.23,0.23,1.57,0.31,1.13,-0.03,0.20,1.06,0.72
2020-01-21,-1.87,-1.40,-1.14,-2.08,-2.37,-0.64,-2.49,-2.17,-1.10,-1.53,1.87,-1.09,-1.73,-2.11,-2.24,-3.36,-0.93,-2.88,-1.72,-1.17,-1.07,-1.74,-1.78,-2.23,-1.38,-2.12,-2.18,-1.65
2020-01-20,0.64,-0.19,0.90,0.15,0.42,3.85,0.45,-0.73,0.96,1.55,1.85,0.41,0.32,-0.52,-0.06,-3.72,0.69,0.79,0.73,2.10,2.02,1.33,-0.04,1.80,0.54,1.50,0.09,1.14
2020-01-17,-0.82,0.05,-0.06,-0.11,-0.30,-1.12,0.64,-0.36,-0.26,-0.08,0.85,-0.84,-0.32,-0.24,-0.42,-0.33,-0.52,0.10,-0.23,-0.61,-0.46,0.55,-0.48,0.20,-0.02,0.46,0.40,-0.34
2020-01-16,-0.17,-0.65,-0.19,-0.83,-0.48,0.03,-0.91,0.06,-0.29,-0.76,0.14,-0.69,-0.62,-0.35,-0.72,0.12,-0.25,-0.42,-0.50,-0.36,0.97,0.31,-0.74,-0.43,-0.66,-0.63,-0.02,-0.14
2020-01-15,-1.52,-1.14,-0.67,-1.00,-1.92,1.17,-0.84,0.72,0.10,0.30,0.35,-0.72,-1.00,-1.39,-0.59,-0.55,-0.54,-0.78,-1.11,-0.48,-1.06,1.47,-0.61,0.14,-1.09,-0.78,-0.72,-0.80
2020-01-14,0.08,0.20,0.19,0.26,2.02,-0.48,-0.06,-1.28,0.67,-0.10,-0.54,0.83,-0.24,-0.26,-0.51,-1.13,0.55,-0.26,0.24,-0.38,-0.60,-0.99,0.10,-1.05,-0.28,-0.47,-0.27,-0.04
2020-01-13,0.68,0.31,1.45,0.37,0.85,3.08,0.31,1.61,0.75,0.73,0.76,0.44,0.19,0.88,0.45,-1.46,0.86,-0.38,0.64,1.55,0.54,2.04,0.80,1.29,0.23,1.52,2.17,0.62
2020-01-10,-2.05,-1.00,-0.34,-0.67,-0.58,0.63,0.29,1.21,-0.50,0.58,0.36,-0.50,-0.10,-1.08,0.94,0.18,-0.63,0.73,-0.36,-1.07,-1.25,-0.30,-0.74,-0.22,0.01,-0.11,-0.86,-0.25
2020-01-09,0.19,-0.43,1.29,0.67,-1.16,2.54,1.59,1.56,1.57,1.52,2.65,0.73,1.40,1.96,1.65,2.13,1.39,1.36,1.15,1.61,-1.86,3.12,1.61,3.11,0.55,0.97,1.14,1.49
2020-01-08,-1.79,-1.17,-1.41,-2.16,0.05,-1.22,0.81,-0.40,-2.07,-1.39,-1.17,-1.37,-1.56,-1.60,-1.99,-0.83,-1.46,-1.66,-1.57,-0.18,2.46,-1.72,-2.61,-2.27,-1.61,-2.42,0.92,-1.30
2020-01-07,3.74,0.61,0.47,2.06,-0.78,-0.05,1.60,1.45,0.88,1.22,1.57,0.90,0.72,0.93,1.55,1.51,1.65,0.59,0.67,1.07,0.52,2.14,3.16,0.87,0.44,0.78,1.37,0.92
2020-01-06,2.00,2.25,0.49,-0.43,3.21,1.29,-1.15,-0.77,-0.33,0.43,-0.60,-0.03,-0.85,-0.93,0.39,-0.14,1.41,-0.27,0.10,1.11,1.44,1.10,1.49,0.54,-0.68,-0.43,0.25,0.14
2020-01-03,0.90,0.66,0.54,-0.28,1.61,0.49,-1.49,-1.92,-0.18,0.16,-0.34,0.30,-0.38,-0.85,0.56,0.45,-0.12,-0.98,0.33,0.50,1.94,0.62,1.47,1.16,0.25,0.05,0.25,0.07
2020-01-02,2.63,0.84,1.52,0.85,1.41,3.48,2.77,-1.32,2.37,2.12,0.28,0.98,0.52,1.15,2.01,1.43,1.76,1.71,2.32,2.37,1.59,2.78,4.37,2.03,1.66,0.83,1.92,2.08
2019-12-31,1.92,0.41,0.53,0.65,0.30,0.16,0.21,0.16,1.26,0.38,2.26,0.40,0.49,0.64,0.32,-0.19,0.44,2.13,0.93,-0.37,0.20,0.34,0.06,0.86,-0.06,-0.47,0.56,0.48
2019-12-30,1.17,1.37,1.28,1.24,0.80,0.19,1.38,2.08,0.98,1.45,0.40,0.58,1.22,1.57,0.24,0.71,0.39,2.49,0.99,1.51,0.38,0.71,0.71,0.74,-0.06,3.72,0.79,0.42
2019-12-27,1.84,0.40,-0.03,0.58,2.20,-2.50,-0.70,1.34,0.05,-0.74,-0.70,-0.25,0.01,-0.19,-0.10,-0.05,0.43,-0.19,-0.31,-0.73,-0.19,-2.03,-1.15,-1.17,0.08,-0.98,-0.08,-0.47
2019-12-26,-0.18,1.09,0.92,0.78,1.16,0.25,1.02,0.30,1.12,0.52,0.72,0.45,0.75,2.32,0.45,0.96,1.45,2.04,1.19,0.32,0.41,0.65,0.67,0.46,0.73,1.66,0.21,0.81
2019-12-25,-0.27,-0.31,0.40,-0.55,0.20,1.74,-0.32,-0.90,0.33,0.21,-0.02,-0.36,-0.21,-0.29,-0.23,0.21,1.41,0.20,-0.32,1.27,0.28,1.09,0.98,0.87,-0.47,-0.19,0.32,0.74
2019-12-24,-0.41,1.45,1.80,0.96,4.10,2.30,0.73,0.47,1.08,1.46,0.50,0.54,0.51,-0.42,0.90,1.03,2.11,1.14,0.68,2.24,1.25,1.40,2.36,1.81,0.61,0.58,1.53,1.72
2019-12-23,-2.71,-1.72,-1.20,-1.89,-0.97,-2.75,-0.61,-0.43,-1.51,-1.43,-0.98,-1.63,-1.59,-2.19,-1.41,-0.87,-2.16,0.57,-1.86,-1.58,-2.09,-3.08,-2.84,-2.57,-1.07,-2.08,-1.43,-1.15
2019-12-20,1.38,-0.84,-0.60,-1.09,-1.17,-1.21,-0.41,-0.43,-0.09,-0.90,-0.94,-0.50,-0.22,0.79,-0.56,1.17,-1.27,-0.13,-0.55,-1.18,-1.43,-2.51,-1.42,-2.23,-0.03,0.05,0.13,-0.86
2019-12-19,0.11,0.92,0.49,0.00,0.12,-1.50,0.43,-0.77,0.94,0.27,0.47,0.64,0.64,0.56,0.30,0.40,0.89,0.58,1.02,0.58,-0.12,0.25,1.18,0.21,0.15,-0.37,0.31,0.15
2019-12-18,-0.54,-0.35,-0.31,-0.38,0.13,-0.13,-0.06,-0.14,-0.13,0.80,-0.99,-0.52,-0.29,-0.34,-0.02,-0.30,-0.74,-0.45,-0.43,-0.39,0.19,-0.17,1.76,0.52,0.12,0.16,-0.05,0.47
2019-12-17,2.03,1.45,1.16,0.76,2.51,1.74,0.99,1.24,1.15,1.72,0.89,0.95,0.96,1.95,1.09,0.51,1.08,0.69,1.38,1.16,1.14,0.69,1.08,1.45,1.44,1.80,0.89,0.97
2019-12-16,-0.15,0.85,1.47,0.76,0.83,3.39,0.29,-0.62,1.02,1.07,0.73,1.11,0.99,1.40,1.04,-1.61,1.54,0.82,0.91,1.52,2.61,2.79,2.52,1.98,-0.28,0.40,1.30,1.17
2019-12-13,0.88,0.97,1.02,1.09,0.74,1.35,2.91,1.68,0.85,1.18,1.64,0.93,1.52,1.25,0.76,1.50,1.38,1.36,1.13,1.60,0.70,1.78,1.50,0.81,1.99,3.69,0.89,1.18
2019-12-12,0.05,-0.74,0.09,-0.77,0.13,0.53,-0.17,-0.84,-0.44,-0.51,-0.10,-0.14,-0.37,-0.66,-0.50,0.63,-0.61,-1.36,-0.56,-0.25,0.30,0.01,-0.71,0.75,-0.25,-0.25,-0.11,-0.61
2019-12-11,-1.05,0.04,-0.14,0.94,-0.79,-1.34,-0.80,-0.78,-0.08,-0.31,-0.28,-0.09,0.33,0.45,-0.12,-0.13,-0.25,0.58,-0.20,-0.52,-0.22,-0.53,-0.20,-0.58,1.08,0.40,0.76,0.14
2019-12-10,-2.26,-0.33,0.30,-0.64,0.98,1.94,0.48,0.08,0.14,0.09,0.75,-0.28,-0.12,-0.27,0.47,1.58,0.92,0.15,-0.17,0.06,-0.33,1.23,1.06,0.81,-0.39,-0.10,0.44,0.59
2019-12-09,-0.61,1.01,0.50,2.42,0.06,-0.01,0.39,-0.61,-0.14,0.43,-1.53,0.27,-0.39,1.75,0.16,-0.82,0.50,1.53,1.01,0.11,-0.35,1.63,0.33,0.31,-0.18,-0.57,-0.15,0.35
2019-12-06,0.03,0.02,0.51,0.29,0.07,1.53,0.69,2.23,0.76,0.91,0.68,0.14,0.83,0.43,0.98,0.55,0.38,0.39,0.31,0.77,0.46,0.46,1.66,0.91,0.10,0.25,-0.29,0.65
2019-12-05,0.11,0.34,0.90,0.30,0.11,2.09,0.17,0.34,0.54,0.89,1.15,0.30,0.70,0.16,0.50,1.44,1.24,1.21,0.47,1.46,0.73,1.92,1.07,1.98,0.50,1.26,0.91,1.20
2019-12-04,-0.56,-0.38,0.03,-0.16,2.18,0.15,1.56,0.35,0.03,0.01,0.47,0.02,-0.13,-0.63,0.04,0.28,0.31,-0.90,-0.50,-0.41,0.90,0.05,-0.11,-0.48,-0.51,-0.27,-0.23,0.02
2019-12-03,-0.33,0.33,0.44,-0.66,0.91,1.31,1.91,-0.32,0.76,0.56,0.02,0.23,0.23,0.40,0.53,0.63,0.57,-0.30,0.28,0.40,0.91,0.59,0.01,0.70,0.38,0.80,1.30,0.40
2019-12-02,1.37,-0.30,0.19,0.31,-0.22,1.08,0.26,0.18,0.06,-0.09,-1.11,-0.03,0.23,1.41,-0.12,0.38,-0.19,1.03,-0.22,0.24,-0.11,0.35,0.86,-0.07,0.10,0.22,0.03,0.19
2019-11-29,-1.03,0.04,-0.19,0.10,-0.53,0.43,-1.12,-2.56,0.02,-0.42,-1.82,0.02,-0.36,-0.23,0.46,0.37,-0.39,-1.29,-0.39,0.51,0.39,0.47,0.26,0.22,-0.62,-0.21,0.48,-0.26
2019-11-28,0.07,-0.86,-0.20,-1.84,-0.93,0.08,0.55,-0.67,-0.36,-0.40,0.18,-0.24,-0.03,-0.81,-0.31,-0.57,-0.38,-0.20,0.12,-0.17,-0.25,-0.54,-0.73,-0.37,-0.40,-0.39,-0.82,-0.40
2019-11-27,-0.34,-0.55,-0.14,0.47,0.47,1.94,-1.78,0.16,-0.47,-0.23,-0.61,-0.33,-0.86,-0.49,-0.42,-0.53,-0.10,-0.14,-0.61,-0.49,-0.39,-0.06,-0.75,0.32,0.11,-0.63,-0.29,0.00
2019-11-26,0.85,-1.19,-0.08,-2.82,-0.11,1.41,0.34,0.72,-0.01,-0.12,0.56,-0.01,0.19,-0.52,-0.32,1.31,-0.60,-1.17,-0.53,0.76,0.49,0.12,0.07,0.20,-0.63,-0.10,0.19,-0.05
2019-11-25,-1.03,3.09,1.06,4.67,1.24,-2.30,1.09,-0.47,0.60,-0.53,-0.90,0.95,0.94,2.58,0.28,-1.02,0.68,3.73,2.25,0.14,-1.05,-2.69,-1.08,-1.52,1.20,0.63,1.40,0.38
2019-11-22,-1.32,0.86,-0.23,1.36,0.46,-2.21,-0.99,-2.50,-0.46,-1.07,-3.10,-0.27,-0.53,-0.08,-0.35,-1.34,-0.44,0.39,0.62,0.10,-0.35,-1.91,-1.54,-1.07,-0.39,-0.94,-0.31,-0.36
2019-11-21,-0.44,0.29,0.13,0.66,-0.54,0.04,-1.48,-0.39,-0.51,0.07,-1.21,0.09,-0.19,-0.13,-0.06,-0.33,-0.33,0.09,0.08,0.52,1.18,-0.18,0.00,-0.30,-0.28,-0.84,-0.18,0.03
2019-11-20,-1.30,0.12,-0.51,-0.35,0.77,-1.45,-1.12,0.07,-0.90,-0.76,-0.11,-0.57,-0.64,-0.66,-0.86,-0.38,-0.15,-0.99,-0.90,-1.00,-0.98,-0.41,-0.64,-0.97,-1.77,-1.36,-0.80,-0.96
2019-11-19,0.95,0.90,1.40,1.31,2.05,1.71,1.54,0.80,0.99,2.06,1.91,0.94,0.84,1.49,1.09,0.96,2.19,2.75,1.07,2.22,1.56,2.07,4.21,2.20,-0.03,0.51,1.18,1.72
2019-11-18,0.90,1.19,0.78,1.69,0.56,0.00,0.36,0.08,0.01,1.08,0.58,0.64,0.73,0.55,0.59,1.57,0.50,1.37,0.34,0.87,0.39,0.84,1.13,0.78,1.21,1.17,0.59,0.98
2019-11-15,-2.91,-1.52,-1.39,0.34,-0.73,-1.11,-0.66,-0.62,-1.33,-1.33,-0.85,-0.93,-0.75,-0.74,-1.12,-1.22,-0.75,-1.67,-1.72,-1.48,-0.82,-0.84,-0.42,-1.63,-0.05,-0.63,-0.77,-1.05
2019-11-14,-0.21,-0.19,0.34,0.17,-0.25,1.97,0.47,0.44,-0.42,0.18,1.04,-0.31,-0.12,0.13,0.18,-0.36,0.32,1.04,0.91,0.40,0.51,1.54,0.15,0.92,-0.51,-0.01,0.08,0.76
2019-11-13,-0.96,-0.99,-0.39,-0.95,0.16,1.43,-0.02,1.04,-0.55,-0.37,0.99,-0.56,-0.66,-0.78,-0.57,-1.19,0.12,-0.33,-0.64,-0.35,-0.64,-0.21,-0.50,0.00,-0.46,-0.86,-0.58,-0.37
2019-11-12,0.59,0.67,0.35,-0.03,-0.59,-0.21,-1.73,0.37,0.44,0.73,0.37,-0.04,0.13,0.13,0.01,-0.17,-0.47,0.49,0.34,-0.01,0.05,-0.18,0.33,0.42,0.19,0.21,0.09,0.35
2019-11-11,-1.52,-2.57,-2.38,-2.27,-2.43,-1.96,-3.67,-1.07,-2.02,-1.87,-2.34,-1.80,-2.16,-2.36,-2.62,-2.58,-2.08,-2.46,-2.57,-2.17,-2.54,-2.69,-2.05,-2.81,-1.53,-1.51,-1.59,-2.28
2019-11-08,-1.91,-0.40,-0.46,-0.58,-0.36,0.45,-0.12,0.31,-0.63,-0.25,-0.31,-0.04,-0.28,-0.53,-0.20,0.09,0.03,-0.49,-0.50,-0.16,-0.51,-0.06,-0.09,-0.60,-1.25,-0.90,0.34,-0.51
2019-11-07,1.76,0.05,0.56,-0.29,-0.28,0.54,0.09,0.59,1.13,0.53,0.94,-0.05,-0.04,0.40,0.28,-0.66,0.55,0.58,-0.15,0.36,-0.71,1.21,1.09,0.38,-0.22,0.15,0.81,0.56
2019-11-06,-2.65,-0.62,-0.39,0.32,-0.16,-1.01,-0.19,-0.88,-0.75,-0.87,-0.58,-0.58,-1.07,-0.97,-1.36,-0.71,-0.45,-0.70,-0.82,-0.14,1.62,-1.56,-1.43,-1.79,0.34,-0.68,-0.57,-0.71
2019-11-05,1.16,0.53,0.37,0.44,0.55,1.34,0.25,0.41,0.16,0.69,0.09,0.13,0.06,0.38,0.08,0.08,-0.49,0.47,0.51,0.86,0.30,0.46,0.16,-0.45,1.16,0.69,0.18,0.02
2019-11-04,0.35,-0.06,0.44,-0.48,0.44,1.42,0.76,0.78,-0.24,0.75,1.36,0.28,1.32,-0.08,-0.20,1.98,0.55,1.64,0.21,0.28,-0.32,1.02,-0.18,0.89,0.57,0.37,0.39,0.08
2019-11-01,-0.89,0.48,0.77,0.57,1.22,1.22,6.51,0.90,0.70,0.63,1.30,0.69,0.84,1.62,1.34,0.26,0.97,2.25,1.04,0.63,0.40,0.89,0.99,1.00,2.11,1.71,2.08,0.85
2019-10-31,-2.69,-0.56,-0.51,-1.35,-0.56,-1.42,1.54,0.64,-1.30,-1.53,0.74,-0.44,-0.69,-0.68,-0.79,-0.04,-0.50,-0.71,-0.77,-0.69,-0.58,-1.89,-1.26,-0.30,-0.55,-0.03,-0.98,-1.08
2019-10-30,0.04,-0.77,-0.95,-0.90,-1.36,0.30,-1.07,-0.89,-1.82,-1.09,-0.87,-0.53,-0.38,-0.84,-0.42,-1.35,-1.69,-0.52,-1.21,-1.03,-1.29,-1.63,-1.02,-1.29,-0.33,-0.41,-1.05,-1.19
2019-10-29,1.48,-1.03,-1.19,-0.96,-1.70,-2.01,1.48,1.09,-0.79,-0.43,0.04,-0.90,-1.54,-0.95,-1.45,0.04,-1.09,-1.29,-1.09,-1.48,-1.60,-2.80,-1.38,-2.25,-0.29,-1.44,-0.98,-1.41
2019-10-28,0.16,0.46,1.18,0.49,1.50,2.18,0.12,1.22,1.07,1.78,1.48,0.58,1.02,-0.39,1.44,1.36,1.29,0.28,0.60,1.46,1.70,6.06,3.28,3.17,-0.60,1.15,1.22,1.20
2019-10-25,4.13,0.59,0.60,0.42,0.73,1.68,-0.38,1.71,0.36,1.23,1.18,0.19,0.55,0.74,0.40,1.33,0.75,0.41,0.23,0.53,0.41,0.66,0.61,0.95,-0.23,-0.27,0.83,0.64
2019-10-24,1.34,0.34,-0.35,0.40,-0.38,-0.23,-0.47,-1.42,-0.55,-0.53,-0.66,0.46,-0.71,0.46,-0.62,-2.12,-0.03,-0.27,-0.12,0.00,0.36,-0.46,0.24,-0.59,1.12,0.34,0.24,-0.32
2019-10-23,0.58,-0.64,-0.73,-0.85,-0.71,-0.23,-0.41,-1.20,-0.55,-0.10,-1.52,-0.29,-1.07,-1.31,-0.86,-1.55,-0.84,-0.13,-0.22,-0.27,-0.86,-0.88,-0.36,-0.87,-0.03,-0.81,-0.57,-0.93
2019-10-22,0.43,0.16,0.74,0.43,0.67,1.93,0.94,0.53,1.01,1.59,1.39,0.49,0.52,0.19,0.68,0.23,0.46,0.28,0.46,0.99,0.40,2.27,0.97,1.11,-0.34,0.35,0.60,0.92
2019-10-21,3.44,-0.16,-0.39,-0.26,-0.26,0.03,0.96,-0.24,-0.10,-0.77,-1.40,-0.66,-0.25,1.52,-0.13,-0.28,-0.73,-0.05,-0.20,-0.35,0.21,-0.36,-0.90,-0.80,1.17,-0.29,-0.77,-0.42
2019-10-18,0.26,-1.08,-1.07,-0.86,-1.69,-2.27,-0.94,-1.01,-0.37,-0.61,-0.45,-0.84,-1.46,-1.77,-0.85,-1.25,-1.03,-1.22,-1.32,-1.50,-1.45,-1.69,-0.91,-1.00,-1.57,-2.19,-1.40,-1.31
2019-10-17,-0.15,-0.26,-0.32,-0.32,0.12,0.50,-0.83,0.39,-0.33,0.30,0.01,-0.12,0.03,-0.52,0.14,0.27,-1.06,-0.37,0.13,-0.50,-0.75,0.30,0.60,0.11,-0.20,0.24,-0.01,-0.19
2019-10-16,-1.18,-0.71,-0.29,-0.51,-1.16,-0.79,0.26,-1.95,-0.52,-0.26,0.50,-0.21,-0.49,0.56,-0.79,0.58,-0.26,0.16,-0.42,-1.65,-0.78,0.22,0.02,-0.78,-0.42,-0.08,-0.60,-0.82
2019-10-15,-0.44,-1.25,-1.26,-0.83,-1.66,-2.56,-0.14,1.37,-0.71,-0.95,-0.16,-0.82,-0.32,-0.59,-0.58,0.66,0.06,-0.92,-0.68,-1.31,-2.15,-2.90,-1.25,-2.31,0.15,-0.85,-1.28,-1.02
2019-10-14,-0.13,0.58,1.16,0.86,0.51,2.26,0.83,0.38,1.03,1.37,0.84,0.93,0.77,1.03,1.23,0.37,1.52,0.64,1.19,1.29,1.54,2.15,2.45,1.25,2.00,1.21,1.93,1.10
2019-10-11,-0.82,1.09,0.20,0.37,-0.63,-0.28,1.03,0.62,0.01,0.43,0.43,0.61,0.81,0.58,0.20,-0.33,0.61,2.29,0.29,-0.40,-0.40,0.08,0.77,-0.28,1.98,1.66,0.32,0.49
2019-10-10,2.81,0.41,1.16,0.41,0.28,1.96,0.65,0.46,1.23,1.00,2.73,0.58,2.10,0.19,1.22,1.54,1.55,0.29,0.53,1.24,0.91,2.29,1.19,1.83,-0.06,0.54,1.16,1.07
2019-10-09,0.33,0.78,0.92,0.73,1.35,0.84,-0.64,-0.95,0.51,0.89,-0.15,0.16,0.89,1.91,0.45,-2.14,0.40,0.21,0.27,0.92,0.69,1.03,0.43,0.93,1.19,0.30,0.31,0.72
2019-10-08,2.56,0.02,0.22,0.37,-0.01,-1.50,1.83,0.99,0.15,0.10,0.52,0.76,-0.71,1.99,-0.06,0.87,1.56,2.36,0.48,0.16,-1.15,-0.92,-1.26,-0.65,1.33,0.24,-0.36,0.52
2019-09-30,1.13,-0.21,-0.54,-0.70,-0.99,-2.86,-0.28,-1.34,-0.42,-0.58,-0.43,-0.57,-0.57,-0.42,-0.73,-0.33,-0.68,-0.18,-0.49,-1.07,-1.14,-1.70,-1.63,-1.95,-1.01,-1.89,-0.71,-0.90
2019-09-27,3.27,-0.36,0.64,-0.06,-0.09,2.60,-0.15,0.11,0.24,0.79,0.43,-0.24,-0.03,-0.35,-0.11,-0.13,0.84,-0.22,0.37,0.82,0.42,1.09,1.06,1.18,0.04,0.31,0.39,0.84
2019-09-26,-5.81,-0.94,-2.15,-0.59,-3.68,-3.64,-0.59,-0.92,-1.52,-2.08,-1.83,-0.94,-0.85,-0.52,-0.96,-0.92,-2.42,-0.77,-1.16,-2.27,-4.22,-4.36,-2.48,-4.29,1.45,-0.89,-1.93,-2.22
2019-09-25,-0.74,-1.48,-1.09,-1.10,-0.70,-4.01,-1.32,-0.59,-1.37,-1.46,-1.20,-1.56,-0.69,-0.79,-0.57,-0.40,-1.02,-0.78,-1.31,-1.87,-2.11,-2.29,-1.73,-2.60,0.45,-0.51,-1.83,-1.57
2019-09-24,-1.72,-0.36,0.00,-0.44,0.36,0.08,0.12,1.68,0.28,0.00,1.05,0.16,0.18,-0.08,0.20,0.50,0.40,-0.25,-0.31,0.85,-0.19,0.82,0.54,1.57,-0.16,-0.07,0.21,0.25
2019-09-23,-1.84,-0.96,-1.18,-0.88,-1.31,0.86,-0.81,-1.17,-0.67,-0.95,-1.54,-0.91,-1.33,-1.62,-1.27,-1.00,-1.40,-1.49,-1.60,-0.78,-0.82,-0.47,-0.73,-0.85,-0.93,-1.31,-0.83,-1.19
2019-09-20,-0.29,-0.24,-0.44,-0.41,0.21,1.16,-0.38,0.78,-0.70,-0.12,0.75,0.45,0.22,-0.15,0.24,-1.40,-0.18,0.66,0.21,0.34,-0.57,0.15,-0.32,-0.73,0.44,-0.18,0.25,0.74
2019-09-19,0.88,0.02,0.69,0.33,1.14,2.63,0.59,-0.31,0.47,0.71,0.72,0.04,0.11,-0.11,0.65,2.46,0.77,0.39,0.42,0.94,1.82,1.72,0.45,1.88,0.15,0.27,0.72,1.18
2019-09-18,-0.16,-1.14,-0.53,-0.30,-0.37,0.44,0.52,3.27,0.81,0.05,0.83,-0.03,0.62,0.89,0.19,1.27,0.22,0.23,-0.17,-0.16,-0.77,-0.86,0.47,-0.28,0.06,-0.11,0.00,0.24
2019-09-17,-1.17,-1.66,-1.84,-2.10,-2.63,-2.15,-1.78,-0.59,-1.11,-1.92,-1.55,-1.72,-1.42,-1.64,-1.85,-1.33,-2.65,-1.96,-2.08,-2.72,-2.95,-3.02,-2.49,-2.76,-1.25,-2.41,-2.27,-2.39
2019-09-16,0.46,1.28,0.22,-0.16,0.57,1.29,-0.71,-0.34,0.52,-0.23,0.26,0.23,-0.21,-0.53,-0.29,0.05,0.79,-0.33,-0.44,-0.02,0.07,1.24,0.36,0.22,-0.54,-1.34,0.14,0.04
2019-09-12,-0.12,0.04,0.65,0.99,-0.15,0.25,1.30,1.55,0.38,0.25,0.29,0.44,0.78,2.16,0.44,1.03,-0.11,1.03,1.08,0.81,0.32,0.79,0.52,0.98,0.41,2.05,0.40,0.66
2019-09-11,-2.24,0.22,0.00,-0.09,-0.15,-0.72,-0.81,-3.69,-0.91,-0.11,-1.67,-0.13,-0.63,-0.34,-0.60,-1.49,0.45,-0.78,-0.29,-0.43,-1.29,-1.48,-0.68,-2.20,0.70,0.50,-0.15,-0.30
2019-09-10,1.49,0.06,0.27,0.20,0.19,-1.57,-0.10,-0.36,0.29,1.04,1.20,0.22,-0.52,-0.11,0.48,-0.69,0.11,0.03,-0.06,0.19,-1.00,-1.03,-0.26,-0.41,-0.41,-0.34,-0.81,-0.02
2019-09-09,-0.69,1.04,2.01,1.26,1.61,4.03,0.67,0.08,1.22,1.67,0.71,0.85,0.37,1.29,1.23,0.57,1.87,0.57,1.14,2.48,1.33,4.37,2.82,5.27,-0.30,0.50,1.05,1.90
2019-09-06,-2.53,0.17,0.62,-0.21,-1.34,0.50,0.28,0.03,0.14,-0.17,0.68,0.33,0.62,0.23,-0.07,0.72,-0.66,0.17,-0.03,0.03,0.27,0.75,0.44,3.43,0.64,1.22,1.96,0.56
2019-09-05,0.58,0.10,0.92,0.20,0.92,1.55,-0.65,0.92,0.52,0.72,0.31,0.53,0.54,0.12,0.77,0.27,0.85,0.18,0.13,0.61,0.54,2.06,0.88,1.89,1.28,2.04,1.29,1.30
2019-09-04,0.06,1.31,1.35,1.75,1.33,0.79,1.46,-1.02,0.37,0.45,-0.05,0.52,0.97,2.67,0.46,-0.71,0.29,1.95,2.27,0.89,-1.07,0.95,0.77,0.61,1.62,1.05,0.19,0.97
2019-09-03,0.50,-0.04,0.39,0.39,0.28,3.39,0.21,-0.31,0.35,0.38,-0.60,0.38,-0.08,-0.32,-0.24,0.03,0.76,1.44,0.86,0.25,0.31,0.96,0.81,2.36,-0.06,-0.01,-0.55,0.54
2019-09-02,0.37,2.57,1.95,1.66,1.41,3.27,2.74,0.15,1.90,1.76,1.62,0.90,1.26,1.00,0.90,0.22,2.18,3.05,2.07,2.71,4.18,4.28,3.44,2.54,0.57,1.69,0.96,2.45
2019-08-30,-0.87,-0.87,-1.04,-0.72,-0.38,-1.96,1.26,1.85,-0.82,-1.55,-0.28,-1.24,-0.63,-0.90,-1.47,-0.07,-1.44,-0.76,-1.05,-1.01,2.63,-1.55,-1.50,-1.96,0.19,0.10,-0.62,-1.13
2019-08-29,-0.81,-0.41,0.12,-0.58,0.34,0.67,-0.77,0.71,0.24,0.09,-0.07,-0.56,-0.33,-1.57,0.03,0.41,-0.03,-0.83,-0.42,-0.49,0.27,1.27,0.65,-0.68,-0.61,-0.50,-0.62,-0.36
2019-08-28,3.14,0.47,-0.02,0.10,-0.64,-0.86,0.22,0.40,0.67,-0.40,-1.23,-0.30,-0.16,-0.23,0.79,0.21,-0.84,-0.38,0.00,0.41,0.31,-0.30,0.42,-0.22,-0.79,-1.16,0.61,-0.15
2019-08-27,3.08,1.35,1.65,1.89,0.97,1.36,2.46,1.59,1.36,1.22,1.33,1.58,1.17,1.01,1.60,1.20,1.33,0.98,1.75,1.72,1.74,3.00,2.38,1.93,0.45,1.14,2.89,1.72
2019-08-26,-0.18,-0.63,-0.95,-0.78,0.33,-1.13,-1.59,-1.89,-1.16,-0.83,0.53,-0.86,-0.92,-1.26,-0.24,-0.86,0.07,-0.97,-1.33,-1.27,0.00,-0.96,-1.36,-1.67,-1.68,-2.14,-0.06,-1.49
2019-08-23,-1.26,0.08,-0.17,0.03,-0.24,-0.12,0.33,1.12,-0.02,0.02,2.40,-0.17,0.30,-0.20,0.09,0.37,-0.40,0.72,-0.21,-0.36,-0.67,-0.48,-0.72,-1.45,1.09,0.85,0.16,0.14
2019-08-22,1.26,-0.04,0.06,-0.42,0.01,-0.32,0.43,1.92,0.41,0.69,0.68,0.11,0.32,-0.54,-0.10,2.22,0.18,-0.58,-0.12,0.20,1.46,0.25,1.04,-0.16,-0.17,0.11,0.37,0.16
2019-08-21,-0.90,-0.54,0.17,-0.35,-1.32,1.05,1.18,-0.95,-0.07,0.12,-0.47,0.22,0.49,0.40,0.21,-0.25,0.54,0.49,-0.06,1.65,0.08,0.05,-0.37,0.26,-0.31,-0.16,-0.26,-0.30
2019-08-20,0.27,0.33,-0.12,0.02,1.03,0.16,0.19,0.78,0.06,-0.02,0.00,-0.66,0.14,0.42,-0.18,0.14,0.05,0.37,0.37,-0.24,0.57,-0.13,0.42,0.10,-0.21,-0.75,-0.36,0.04
2019-08-19,-0.56,2.13,2.45,2.05,1.29,4.19,2.63,0.98,2.36,2.91,2.32,2.60,2.62,3.07,2.76,1.07,3.10,2.53,2.62,3.25,2.88,4.99,4.16,4.64,0.47,4.08,2.20,2.61
2019-08-16,1.70,0.01,0.15,-0.27,0.66,0.75,0.25,1.41,0.23,0.48,0.85,0.22,0.41,-0.10,0.70,2.93,0.81,0.98,-0.03,-0.47,0.00,1.07,0.58,-0.28,-0.24,0.69,0.20,0.20
2019-08-15,-0.36,-0.46,0.14,0.20,-0.33,1.84,-0.46,-0.01,-0.25,0.49,0.77,0.16,-0.05,0.01,0.14,-0.92,0.09,0.35,-0.18,0.72,0.00,1.81,0.66,1.05,-0.07,0.64,0.41,0.01
2019-08-14,-0.50,0.63,0.71,0.26,-0.71,0.87,0.21,1.84,0.42,0.69,1.47,0.59,0.35,-0.03,0.69,1.70,0.87,0.53,0.16,0.24,1.45,0.80,0.42,0.57,-0.24,0.07,0.70,0.37
2019-08-13,-1.20,-0.96,-0.61,-0.85,1.29,-0.49,-0.43,-0.26,-0.38,-0.01,0.03,-0.31,-0.04,-0.93,-0.82,-1.36,-0.53,-1.50,-1.12,-0.67,-0.08,-1.25,-1.07,-0.84,-1.09,-1.59,-1.27,-1.02
2019-08-12,1.32,1.32,1.42,0.58,-0.68,4.83,0.69,3.44,0.86,1.09,1.38,0.82,1.19,1.66,0.95,0.71,1.41,0.90,1.01,1.67,1.22,2.64,1.99,2.83,1.13,2.34,1.17,1.76
2019-08-09,-3.18,-0.99,-1.35,-0.36,-0.84,-1.32,-1.40,-1.32,-1.30,-0.96,-0.25,-0.99,-0.72,-1.43,-0.71,-0.76,-0.91,-1.30,-0.82,-1.13,-2.10,-1.45,-0.96,-3.08,-0.16,-0.85,-0.85,-0.92
2019-08-08,0.52,0.02,0.97,0.49,-0.61,2.02,1.04,1.65,0.45,0.55,1.48,0.81,0.41,0.05,0.54,1.26,0.97,0.57,0.52,0.44,2.52,0.86,1.07,1.10,1.73,1.27,1.34,0.30
2019-08-07,-0.86,0.76,-0.14,0.02,3.58,-1.23,-0.78,-0.43,0.23,0.07,0.48,0.39,-0.96,0.53,-0.37,-0.27,-0.13,-0.20,-0.63,-0.42,-1.53,-1.39,-0.86,-0.86,-0.29,-1.38,-0.39,-0.55
2019-08-06,-1.73,-2.75,-2.92,-3.25,-2.48,-1.66,-2.07,-0.44,-2.35,-2.70,-1.31,-2.04,-2.16,-1.32,-2.38,-1.41,-2.75,-1.13,-2.47,-2.32,-2.10,-2.75,-2.52,-2.46,-1.06,-0.50,-2.45,-2.32
2019-08-05,0.15,-1.79,-1.76,-1.58,1.03,-1.64,-1.60,-1.61,-0.11,-1.07,-1.78,-1.36,-2.09,-2.33,-1.04,-3.43,-1.90,-1.84,-1.53,-1.41,-0.60,-1.14,-1.95,-0.96,-1.83,-1.95,-2.00,-1.67
2019-08-02,0.26,-1.96,-1.61,-1.12,0.89,-2.43,-1.61,-0.72,-1.41,-1.41,-1.02,-1.22,-1.55,-1.54,-1.38,-0.02,-1.13,-1.61,-1.45,-1.25,-2.01,-1.60,-1.64,-2.54,-1.17,-2.52,-1.83,-1.84
2019-08-01,1.77,-0.89,0.01,-1.10,-0.93,0.03,-1.75,-1.24,-0.56,-0.93,-0.73,-0.11,-0.99,-1.54,-1.13,-0.74,-0.34,-0.78,-0.72,-0.48,-1.35,-0.31,-0.26,-0.44,-0.89,-0.91,-0.75,-0.13
2019-07-31,-0.33,-0.29,-0.68,-0.64,-0.06,0.01,-0.49,-1.46,-0.43,-0.75,-0.60,-0.35,-0.64,-2.41,-0.31,0.02,-1.23,-1.98,-1.34,-0.54,0.31,-0.45,-0.79,-0.26,-0.76,-1.33,-0.92,-0.52
2019-07-30,0.22,0.74,0.60,0.57,1.06,-0.98,1.25,-0.33,0.14,0.33,0.57,0.26,0.04,0.57,0.36,0.13,0.88,0.02,0.36,0.20,-0.19,0.35,2.13,0.05,0.44,1.07,0.59,0.38
2019-07-29,1.72,-0.33,0.05,-0.60,-0.19,1.18,-0.29,0.87,-0.10,-0.02,-0.60,0.31,-0.28,-0.52,-0.54,0.46,-0.15,-0.28,-0.08,-0.01,0.58,-0.19,-0.28,0.46,-0.12,-1.09,-0.09,-0.36
2019-07-26,-0.97,-0.06,0.07,-0.23,-0.44,0.06,0.14,0.06,-0.09,0.25,0.69,0.43,0.91,0.05,0.19,1.01,-0.06,0.98,0.25,0.35,1.08,-0.36,-0.08,0.04,-0.08,0.07,0.22,1.02
2019-07-25,1.16,-0.12,-0.26,-0.10,-0.72,2.52,0.37,1.19,-0.05,0.52,0.28,0.03,0.68,0.19,0.11,1.12,-0.15,0.27,-0.08,0.34,0.48,0.80,0.26,0.67,1.49,0.52,-0.01,0.05
2019-07-24,0.75,1.13,1.01,0.48,1.05,2.33,0.64,-0.07,1.26,1.40,0.80,0.52,0.69,0.15,0.69,0.33,1.00,0.51,0.68,1.06,1.57,1.86,0.87,2.25,0.59,1.26,1.22,1.33
2019-07-23,0.71,0.67,1.18,0.72,0.23,2.16,0.80,-0.96,0.77,0.67,0.72,0.80,0.34,-1.10,1.48,-0.30,1.09,0.25,0.89,1.66,1.65,1.82,1.17,1.55,0.17,0.07,1.11,1.08
2019-07-22,-3.15,-1.51,-2.30,-1.80,-3.94,-1.30,-0.49,-0.13,-2.16,-2.35,-1.38,-1.56,-1.13,-0.98,-2.17,0.25,-2.83,-1.83,-1.71,-1.42,-3.48,-2.24,-2.94,-2.65,-0.29,-1.59,-1.98,-2.31
2019-07-19,1.00,0.86,0.01,0.39,1.50,0.14,-0.04,0.73,0.31,0.64,0.18,0.81,1.23,2.28,0.71,0.70,1.32,0.43,0.59,0.66,0.06,0.54,0.52,-0.11,1.25,1.78,0.79,0.85
2019-07-18,-1.00,-1.00,-1.96,-1.00,0.19,-2.34,-0.67,-1.48,-1.66,-1.74,-1.56,-1.59,-1.36,-1.05,-1.82,-0.77,-1.53,-1.80,-1.15,-1.24,-2.10,-2.58,-1.80,-2.54,-0.06,-0.85,-1.93,-1.29
2019-07-17,1.19,-0.01,0.59,-0.14,-0.36,1.12,-0.93,-0.39,-0.42,-0.42,-0.43,-0.38,0.30,0.59,-0.11,-0.95,-0.01,-0.19,-0.22,0.05,0.09,-0.09,0.09,-0.42,-0.40,-0.13,0.49,-0.08
2019-07-16,-0.26,0.26,0.44,0.32,0.12,0.76,-1.53,-1.40,0.06,-0.04,-0.25,0.08,-0.18,0.79,0.07,-1.07,-0.11,-0.26,0.44,-0.08,-0.03,-0.20,0.33,0.59,-0.16,-0.82,-0.31,0.27
2019-07-15,2.64,0.34,0.37,0.32,0.95,1.26,-0.42,-0.64,0.46,0.65,0.35,0.44,0.50,0.12,0.62,0.22,2.05,1.34,0.61,0.67,2.93,3.23,1.61,1.30,-0.15,0.73,1.07,1.27
2019-07-12,-0.14,0.10,1.44,-0.24,-0.37,0.12,0.61,0.76,0.29,-0.08,0.46,-0.07,0.45,0.61,0.69,0.83,-0.10,0.66,0.51,1.34,-0.12,-0.15,0.34,-0.24,0.78,0.92,-0.47,0.11
2019-07-11,-0.02,0.21,0.47,-0.15,1.27,-0.38,0.11,-0.36,-0.35,0.21,0.34,0.25,-0.25,-0.44,-0.74,-0.40,-0.20,0.39,-0.16,-0.80,-0.45,-0.67,-0.16,-0.39,0.23,0.16,-0.38,0.24
2019-07-10,-1.17,-0.69,-0.83,-1.10,-1.86,0.52,0.11,0.17,-0.18,-0.88,0.02,-0.57,-0.52,-0.94,-0.65,1.55,-0.75,-1.78,-0.78,0.23,-0.18,-0.52,-1.10,-0.39,-0.69,0.08,-1.31,-0.74
2019-07-09,0.63,-0.05,0.86,-0.02,0.17,0.18,-0.76,-0.02,0.45,0.25,0.09,-0.36,-0.03,-0.37,-0.22,0.32,-0.14,0.08,-0.14,0.23,-0.06,0.02,0.28,-0.12,-0.60,-0.15,1.18,0.41
2019-07-08,0.42,-3.46,-3.11,-2.90,-3.89,-3.32,-2.35,-1.96,-3.18,-3.21,-2.47,-2.79,-2.86,-2.26,-2.94,-2.23,-3.13,-3.22,-3.03,-3.37,-3.10,-4.02,-3.73,-4.30,-1.85,-2.69,-3.56,-3.23
2019-07-05,3.15,-0.08,0.27,0.17,0.33,0.63,1.28,2.12,0.09,0.30,1.26,-0.38,0.68,-0.99,-0.02,1.96,0.34,0.42,-0.19,0.10,-1.44,0.64,0.23,0.21,-0.48,0.45,0.13,0.12
2019-07-04,-1.51,-0.57,-0.27,-0.03,-1.25,-0.93,-0.18,-1.54,-0.25,-0.01,-1.26,0.17,-0.59,0.73,-0.60,-2.85,-0.53,0.40,0.74,-0.32,1.49,-0.49,-0.58,-0.58,-0.14,-0.41,-0.03,-0.19
2019-07-03,-1.52,-0.99,-1.13,-0.91,-0.84,-1.59,-1.30,-2.36,-0.49,-1.04,-1.31,0.56,-1.16,0.73,-0.89,-2.22,-1.18,-0.99,-0.34,-0.60,1.97,-1.93,-1.49,-2.05,-0.66,-1.27,-0.52,-0.93
2019-07-02,1.12,0.25,0.24,-0.33,0.70,-1.06,0.47,0.24,-0.13,0.07,1.19,-0.61,-0.28,0.54,-0.53,0.64,-0.11,0.95,-0.42,-0.30,1.99,-0.82,-0.45,-0.52,-0.05,-0.85,1.35,-0.33
2019-07-01,2.64,2.13,3.00,1.84,0.77,6.06,4.79,4.41,2.02,2.65,2.90,1.65,2.36,2.36,2.35,2.53,2.46,2.03,2.05,2.57,2.12,4.45,3.12,3.86,1.33,2.93,2.53,2.64
2019-06-28,-0.84,-1.05,-1.06,-1.33,-0.20,-1.17,-0.20,-0.16,-1.00,-1.19,-0.89,-0.21,-0.16,-0.67,-0.62,0.65,-1.27,0.23,-0.89,-1.48,-1.34,-1.66,-1.97,-1.76,-0.34,0.00,-0.75,-1.12
2019-06-27,0.54,-0.10,0.90,0.29,0.30,2.74,0.69,1.91,0.56,0.84,0.87,-0.02,0.42,0.40,0.25,1.26,-0.03,1.16,0.23,0.52,-0.37,0.80,0.20,2.19,0.97,1.57,0.35,0.64
2019-06-26,-0.78,-0.11,-0.04,-0.49,-2.65,0.92,0.42,0.06,0.24,0.14,1.39,-0.35,0.11,-0.55,0.13,0.24,-0.36,0.52,-0.12,0.06,1.76,-0.29,-0.14,-0.06,-0.53,-1.17,0.11,-0.02
2019-06-25,-2.26,-0.49,-1.13,-1.37,0.08,-1.45,-0.91,-0.09,-0.64,-0.74,-0.72,-0.71,-0.88,-0.38,-0.88,-0.81,-0.59,-1.06,-0.91,-0.99,-0.10,-1.53,-1.42,-0.85,-2.12,-0.89,-1.42,-0.76
2019-06-24,0.78,0.41,0.21,1.81,0.95,-0.91,0.73,1.13,-0.32,0.19,0.16,-0.56,0.13,-0.30,0.15,0.26,-0.05,0.46,-0.39,0.05,-0.47,-0.08,-0.63,-1.02,0.23,-0.04,0.14,-0.08
2019-06-21,-0.99,0.74,1.19,1.03,1.51,1.79,-0.78,0.17,1.69,1.52,0.75,1.29,0.53,0.41,1.09,0.46,1.79,0.12,0.68,1.49,2.01,3.09,2.47,1.40,-0.86,0.62,1.37,1.80
2019-06-20,-0.43,1.77,1.61,1.11,1.42,1.67,2.87,3.97,1.32,1.84,1.79,2.69,1.76,1.96,1.94,2.79,1.87,2.02,1.51,1.48,1.93,2.16,1.57,1.32,2.52,5.84,1.67,1.72
2019-06-19,-0.49,0.70,1.21,0.66,0.08,2.97,1.93,1.31,1.35,1.31,1.37,1.49,2.08,0.55,0.96,2.64,1.63,-0.37,0.93,1.21,1.73,1.59,1.53,1.54,0.45,2.46,1.31,1.23
2019-06-18,1.86,-0.42,-0.11,-0.49,-0.91,-0.29,0.26,0.23,-0.56,0.19,0.48,0.00,0.28,-0.53,0.34,-0.57,-0.57,-0.20,-0.18,-0.23,-0.69,0.69,0.53,0.08,0.47,0.50,-0.28,0.13
2019-06-17,-1.48,0.36,0.26,0.20,-0.17,-0.63,-0.35,-0.46,-0.37,-0.82,0.52,-0.05,0.44,-0.14,0.50,0.90,-0.28,0.17,0.43,-0.66,-0.89,-0.16,0.12,-0.29,0.39,0.45,0.00,-0.10
2019-06-14,-1.92,-1.68,-2.14,-1.37,-1.03,-2.66,-0.75,-0.54,-1.21,-1.95,-0.87,-1.41,-1.29,-0.70,-1.91,-0.03,-2.09,-1.31,-2.16,-1.67,0.34,-2.57,-2.43,-2.70,-0.13,-1.45,-2.07,-1.79
2019-06-13,0.48,1.12,0.80,-0.15,-0.16,-0.32,-1.25,-0.13,0.20,0.65,0.54,-0.05,-0.16,-0.36,0.61,-0.39,0.35,-0.34,-0.23,1.05,-0.03,1.19,1.38,-0.48,-0.16,0.34,0.20,0.92
2019-06-12,-0.31,-0.43,-1.04,-0.71,1.42,-0.49,-1.00,-1.06,-0.84,-0.84,-0.54,-0.42,-0.86,-0.85,-0.89,-0.11,-0.96,-0.32,-0.05,-0.87,-0.40,-0.92,-0.73,-0.11,-0.21,-1.27,-1.10,-0.57
2019-06-11,4.83,2.59,3.02,3.25,3.67,3.70,2.78,5.00,2.79,3.27,3.35,2.39,2.98,2.69,3.07,3.31,3.52,5.48,4.50,3.04,3.66,4.12,4.08,2.46,1.10,4.23,3.05,3.82
2019-06-10,0.58,1.07,1.14,0.02,1.28,2.46,1.28,1.91,0.53,0.64,0.83,1.04,1.02,1.39,1.21,1.87,0.88,1.39,0.85,1.63,0.43,1.25,0.66,2.60,1.35,0.52,1.36,1.08
2019-06-06,-4.23,-1.69,-1.73,-1.20,-0.63,-3.27,-0.84,-1.29,-1.73,-1.89,-1.96,-1.30,-1.83,-1.15,-1.74,-1.36,-2.03,-0.92,-1.48,-2.40,-2.67,-2.39,-2.72,-4.38,-0.06,-0.80,-1.11,-2.02
2019-06-05,-0.11,-0.05,-0.39,0.27,0.59,0.25,0.47,-0.07,0.05,-0.51,-2.47,-0.01,-0.90,1.03,0.10,-0.61,0.48,-0.18,0.38,-0.13,-0.52,0.36,0.39,2.16,0.33,0.02,-0.21,0.07
2019-06-04,-2.20,-0.95,-1.05,-1.70,-1.78,-1.47,-1.44,-2.04,-1.90,-1.78,-1.56,-1.07,-1.40,-0.85,-0.92,-1.39,-0.96,-2.70,-1.17,-1.07,-2.84,-1.69,-0.62,0.21,-0.12,-1.00,-0.93,-1.39
2019-06-03,-1.06,-2.14,-2.02,-0.46,-1.66,-0.32,0.16,0.19,-1.12,-1.22,-1.02,-0.51,0.31,-0.94,-1.13,-1.01,-1.05,-0.64,-0.39,-2.21,-1.36,-1.41,-1.68,1.47,0.22,0.11,-0.69,-1.41
2019-05-31,0.15,-0.74,-0.92,-1.12,0.37,-0.10,-0.38,-1.07,-0.26,0.18,0.05,0.42,0.21,0.13,-0.52,0.55,-0.71,-0.31,0.13,0.97,0.92,-0.25,-0.13,0.47,-0.32,-0.48,-0.65,-0.27
2019-05-30,2.69,1.27,-0.42,-1.00,0.85,-0.87,-1.72,-0.30,-0.60,-0.90,-0.95,0.48,-0.38,-0.75,-0.92,-0.86,-0.65,-1.20,-0.63,-0.94,-0.96,-1.98,-0.55,-1.49,-0.06,-1.31,-0.49,-0.81
2019-05-29,0.47,-0.39,0.03,0.41,2.32,0.80,-0.69,0.76,-0.10,0.23,-0.58,0.06,-0.33,-0.89,-0.09,-1.00,0.65,0.28,-0.19,-0.28,0.60,-0.48,-0.29,-0.16,-0.82,1.23,-0.89,-0.02
2019-05-28,3.41,-0.27,-0.02,0.43,0.10,0.14,1.15,1.20,0.23,-0.06,0.49,0.45,0.79,0.86,0.57,1.10,0.48,0.45,0.10,0.17,0.14,0.13,0.26,0.27,0.59,0.59,1.37,0.12
2019-05-27,4.54,1.40,2.09,1.57,2.79,3.95,0.49,0.61,1.87,1.81,1.78,1.61,1.37,1.43,1.69,1.09,2.56,1.39,1.76,2.69,3.40,4.50,2.56,3.55,0.24,1.95,1.52,2.45
2019-05-24,-2.02,-0.66,-0.54,-0.15,-1.10,-1.69,0.47,1.08,-0.37,-0.50,-0.41,0.12,-0.28,-0.11,-1.01,-0.02,-2.14,-0.29,-0.05,-0.44,-2.97,-1.91,-0.58,-1.77,0.63,0.60,1.00,-0.14
2019-05-23,-3.63,-1.02,-2.09,-1.17,-1.64,-2.91,-2.96,-2.84,-1.96,-2.16,-2.35,-1.37,-1.58,-1.63,-2.07,-2.05,-0.37,-1.36,-1.43,-1.95,-0.80,-3.45,-2.76,-3.72,-0.61,-1.41,-2.78,-1.71
2019-05-22,-0.23,-0.39,-0.97,-1.72,-1.70,-0.20,-0.15,-0.66,-0.75,-0.76,-0.59,-0.45,-0.24,-0.64,-0.80,0.33,-1.18,-0.68,-1.53,-0.35,-0.88,1.80,-0.52,0.91,-0.29,-0.92,-0.99,-0.67
2019-05-21,3.01,2.07,1.73,2.10,3.66,2.25,1.78,0.93,0.50,2.30,1.73,1.52,1.61,1.39,1.42,1.34,2.11,2.45,1.28,1.49,1.02,1.76,1.41,2.09,0.71,1.12,1.57,1.56
2019-05-20,-5.04,-1.36,-1.08,0.20,0.87,-0.16,-0.75,-2.28,-1.07,-1.27,-1.50,-0.75,-1.57,-0.75,-1.65,-1.12,-1.06,-0.61,-0.48,-0.72,1.98,1.82,-0.34,0.63,0.04,-0.06,-1.75,-0.05
2019-05-17,-1.26,-3.36,-3.51,-3.23,-3.73,-2.75,-1.90,-2.58,-3.09,-4.07,-2.87,-3.09,-2.75,-3.28,-3.01,-3.01,-3.29,-3.63,-3.21,-3.83,-3.54,-3.48,-3.99,-3.21,-1.30,-3.36,-3.93,-3.63
2019-05-16,0.45,1.05,0.94,2.57,3.80,-0.75,0.47,0.73,0.41,0.26,0.91,0.65,0.83,0.69,0.86,0.77,0.82,2.16,0.76,0.68,1.43,-0.29,-0.11,-1.02,0.04,0.18,0.66,0.66
2019-05-15,2.52,2.12,2.53,1.69,1.41,1.79,2.45,5.11,1.60,2.49,2.57,1.46,2.28,1.73,2.15,2.77,2.04,2.43,1.51,3.13,0.93,1.81,1.74,1.73,1.63,2.25,2.10,1.99
2019-05-14,-0.65,-1.25,-0.62,-0.70,0.06,-0.66,-0.68,-0.94,-0.71,-0.39,-0.99,-0.99,-1.51,-1.02,-1.64,-1.34,-0.37,-1.20,-0.92,-0.51,0.20,-0.61,-0.48,0.40,-0.35,-0.61,-0.83,-0.64
2019-05-13,-0.96,-0.08,-1.42,-1.56,-1.10,-2.87,-1.24,0.11,0.34,-0.56,-0.56,-0.75,-0.12,-0.39,-0.19,-0.66,-1.17,-0.59,-0.65,-1.33,-1.31,-1.22,-1.41,-1.61,-1.48,-2.84,-2.06,-0.96
2019-05-10,3.95,2.72,3.31,2.25,2.67,4.45,3.36,4.96,2.64,3.56,3.13,2.25,3.81,3.42,3.28,3.59,2.98,3.58,2.51,3.24,4.53,5.45,3.49,5.34,2.18,5.25,3.48,3.66
2019-05-09,1.26,-1.23,-1.16,-0.99,-0.89,-0.94,-0.80,-3.44,-0.57,-1.62,-2.59,-0.83,-1.96,-1.82,-2.20,-0.53,-1.79,-0.90,-0.76,-0.51,-0.09,-0.30,-0.79,-1.45,-1.97,-2.02,-1.04,-0.65
2019-05-08,-4.01,-1.50,-0.76,-2.01,0.20,-0.36,-1.05,-0.77,0.08,0.17,-0.62,-0.93,-1.20,-0.83,-0.53,-2.17,-0.39,-1.02,-0.60,-0.83,0.89,0.42,-0.31,-0.57,-1.66,-2.11,-0.60,-0.45
2019-05-07,0.29,1.26,1.12,0.55,0.84,1.14,2.93,2.00,1.47,1.40,2.09,0.89,1.21,1.90,2.24,0.50,2.36,1.58,0.95,1.01,1.01,0.40,1.16,0.31,-0.15,0.69,1.56,1.68
2019-05-06,-5.83,-5.97,-7.32,-5.56,-6.91,-8.26,-6.81,-6.38,-6.35,-7.27,-6.15,-5.18,-6.94,-6.74,-6.28,-4.88,-6.89,-6.18,-7.13,-7.16,-7.46,-9.02,-7.38,-9.08,-2.70,-7.71,-7.69,-7.40
2019-04-30,3.76,1.19,0.96,0.87,0.69,0.54,-0.06,0.55,1.13,0.87,0.44,1.14,1.44,0.75,1.25,-1.15,1.99,0.65,0.73,0.64,1.63,0.13,0.73,-1.58,0.33,-0.01,1.36,0.80
2019-04-29,-3.76,-2.33,-2.76,-1.82,-4.28,-3.65,1.38,1.47,-2.49,-2.98,-0.08,-2.16,-0.49,-0.96,-0.66,0.10,-4.14,-1.68,-2.07,-3.17,-3.65,-3.93,-3.48,-4.65,1.70,-0.75,-2.50,-2.67
2019-04-26,-3.75,-2.07,-1.73,-3.03,-1.73,-1.20,-2.43,-0.22,-1.10,-1.39,-1.47,-2.06,-1.39,-1.13,-0.59,-1.85,-0.89,-0.33,-1.72,-1.99,-1.22,0.30,-1.88,0.52,-1.66,-0.12,-2.35,-1.48
2019-04-25,-0.78,-4.35,-3.94,-3.13,-3.67,-3.80,-3.30,-1.82,-3.45,-3.75,-2.09,-3.40,-2.65,-2.60,-3.93,-1.89,-4.46,-3.87,-3.80,-3.99,-4.11,-4.51,-4.28,-3.52,-1.07,-2.59,-4.38,-4.11
2019-04-24,2.41,0.60,0.69,0.40,0.35,2.22,-0.38,-0.19,0.54,0.71,0.58,0.64,-0.16,-0.28,0.68,0.82,0.55,0.58,0.67,1.27,-0.01,2.60,-0.13,1.36,0.25,-0.06,1.38,0.84
2019-04-23,-0.34,-1.66,-1.59,-1.25,-1.49,-1.83,-1.11,1.54,-1.68,-1.45,-0.60,-0.93,-0.28,0.34,-1.25,-2.12,-1.08,-1.42,-2.42,-3.08,-4.16,-1.86,-0.53,-3.25,0.17,0.65,-2.34,-1.83
2019-04-22,2.65,-1.28,-0.87,-1.74,-2.01,-0.89,-4.21,-0.71,-1.36,-1.82,-1.28,-0.77,-1.52,-3.57,-1.02,-0.57,-0.56,-3.26,-2.02,-1.13,-1.93,-1.97,-1.60,-0.31,-2.84,-2.50,-2.52,-1.68
2019-04-19,-0.14,2.52,0.10,0.87,0.49,0.70,4.45,0.29,0.06,0.18,0.62,0.30,0.50,0.90,0.09,0.95,0.73,-0.01,0.96,1.18,-0.15,0.78,1.02,2.30,0.74,2.12,1.37,0.85
2019-04-18,-0.56,-0.22,-0.36,-0.33,-0.97,-0.58,1.35,0.11,-1.14,-0.42,-0.76,-0.43,-0.61,-1.09,-0.77,0.62,-1.08,0.38,-0.27,-0.65,1.49,-1.10,-0.42,0.42,-0.80,-0.36,-1.84,-0.59
2019-04-17,3.07,1.35,1.22,-0.23,0.03,1.12,-0.12,0.89,0.81,0.80,0.37,0.43,0.40,-1.00,0.01,0.90,0.91,-0.21,-0.20,1.84,0.61,-0.43,0.44,-0.06,-0.57,-0.78,4.83,0.84
2019-04-16,-0.73,2.62,1.85,1.63,3.18,3.28,2.49,2.25,1.63,1.46,1.80,1.31,1.35,1.67,1.31,1.69,1.79,2.35,1.97,1.44,1.57,2.63,1.91,5.77,4.07,3.42,1.51,2.02
2019-04-15,-1.65,-0.17,-1.04,-0.70,-0.87,-0.47,1.24,-0.76,-0.85,-1.14,-1.19,-1.35,0.06,-0.65,-0.76,0.91,-0.82,-0.66,-0.50,-0.63,-0.37,-1.13,-1.65,-0.06,0.52,-0.32,-1.64,-1.09
2019-04-12,1.89,-0.17,-0.51,-1.08,-0.67,0.26,-1.30,-0.48,-0.39,-0.74,-1.31,1.10,0.04,-0.90,0.66,-1.13,0.21,-0.67,0.54,0.29,-1.05,0.34,0.29,0.25,0.01,0.24,-0.41,-0.04
2019-04-11,-0.31,-1.76,-3.08,-1.84,-1.66,-2.38,-3.48,-3.83,-1.63,-2.46,-2.91,-0.74,-1.70,-1.71,-2.12,-1.86,-1.87,-3.09,-2.26,-1.01,-1.27,-2.28,-1.93,-2.56,-0.76,-1.85,-0.55,-1.92
2019-04-10,-0.22,-0.46,-0.40,-1.28,-0.87,-0.54,2.54,1.86,0.02,0.29,1.74,-0.05,0.38,-0.93,0.13,-0.49,-0.61,-0.27,-0.16,-0.20,-0.76,-1.09,-0.85,0.39,-0.30,-0.50,2.21,-0.11
2019-04-09,-1.65,-0.73,-2.19,-2.18,-1.82,0.55,3.86,2.31,0.56,-0.24,1.38,0.56,-0.32,2.68,0.54,1.28,0.02,-1.74,0.53,1.03,-0.16,-0.02,1.23,1.67,-1.14,0.14,0.87,0.44
2019-04-08,-0.22,1.42,3.89,4.20,1.24,-2.68,-0.20,0.83,-0.33,-0.24,-0.30,-0.44,-2.15,-0.84,-1.07,-1.24,-1.34,3.30,0.09,-1.11,-0.96,-2.42,-1.70,-2.04,0.69,-1.05,-0.26,0.10
2019-04-04,2.01,1.68,2.37,0.34,1.03,-0.42,0.79,2.21,0.05,0.44,0.32,0.40,2.39,0.26,-0.06,0.88,0.87,0.41,0.33,0.44,0.11,-0.16,-0.14,-0.22,1.68,0.14,1.89,0.37
2019-04-03,0.40,1.88,0.42,1.48,0.09,0.58,0.71,-0.21,1.13,0.78,0.71,0.64,3.29,1.45,2.81,0.99,0.95,2.51,1.97,0.08,1.23,1.04,1.26,0.10,0.74,2.95,1.54,1.37
2019-04-02,-1.16,0.76,1.88,0.03,2.00,0.02,-1.01,-1.15,0.13,0.26,-0.29,0.08,-0.13,0.48,0.59,-0.01,0.72,0.64,0.15,0.25,1.35,0.70,0.19,0.17,0.30,0.22,1.15,0.06
2019-04-01,5.29,3.79,4.12,3.67,4.79,3.88,4.54,1.47,2.75,4.20,2.58,2.57,2.73,3.38,2.89,2.00,3.13,3.93,2.63,3.64,4.65,5.29,3.92,3.53,1.78,2.03,3.10,3.30
2019-03-29,4.34,2.81,2.40,2.76,2.54,3.00,3.18,4.38,1.86,2.48,2.72,2.02,2.73,4.95,3.37,2.87,2.93,2.77,2.80,2.10,4.30,3.98,3.14,1.94,3.04,6.46,2.64,2.77
2019-03-28,-0.38,-1.08,-1.42,-1.80,-1.52,-0.68,-0.83,1.22,-2.09,-1.33,-1.07,-0.99,-0.29,-1.91,-1.11,0.31,-2.47,-1.74,-1.35,-0.97,-0.56,-1.23,-1.92,1.22,-0.60,-1.03,-1.64,-1.11
2019-03-27,-0.51,0.67,2.05,0.76,-0.54,0.58,1.86,2.92,1.90,1.86,3.01,-0.11,1.59,1.18,1.04,2.53,-0.33,2.06,-0.06,0.37,-1.05,-1.08,-0.47,-0.50,0.93,1.05,0.13,0.40
2019-03-26,-0.44,-2.02,-2.26,-2.39,-2.17,-3.06,-1.30,0.24,-1.79,-1.43,-2.13,-2.51,-1.92,-1.94,-2.85,-1.00,-2.94,-0.99,-2.39,-2.39,-5.73,-2.06,-3.28,-3.63,-0.22,-1.68,-2.23,-2.71
2019-03-25,-0.44,-2.17,-0.58,-2.36,-1.67,-1.17,-1.74,-2.44,-0.07,0.31,-1.71,-1.47,-2.10,-2.01,-1.42,-1.93,-2.85,-2.59,-1.44,-0.80,5.07,-0.48,-3.12,-0.53,-2.69,-3.57,-1.61,-0.64
2019-03-22,-1.52,0.06,0.92,-0.25,-0.81,0.66,0.48,1.07,1.67,1.53,0.90,0.58,1.43,0.45,1.07,2.75,1.18,0.20,0.70,-0.48,1.02,-0.26,-0.70,-0.63,-0.28,-1.15,1.05,-0.10
2019-03-21,0.92,0.11,0.55,-0.10,1.20,1.26,-0.31,-0.70,0.97,1.18,0.69,0.92,0.51,0.31,0.79,0.59,2.42,1.27,0.27,0.76,0.58,2.37,2.52,0.86,-0.72,0.68,0.47,0.49
2019-03-20,-2.48,-0.13,-0.12,-0.23,-0.84,-1.48,-0.98,0.21,0.08,-0.02,-0.05,0.17,0.20,0.72,0.10,1.34,0.94,1.51,-0.01,-0.55,-0.94,-0.27,0.28,-0.51,0.18,1.43,0.12,0.15
2019-03-19,0.33,0.11,0.10,-1.09,-0.22,0.53,-0.46,-1.47,0.18,0.39,-0.60,0.97,0.04,-0.41,0.24,0.33,1.75,-0.18,-0.46,0.34,1.55,1.95,0.69,0.12,-0.48,-0.39,0.06,0.12
2019-03-18,3.51,3.02,2.79,4.08,2.82,1.92,2.40,6.11,1.97,1.84,3.76,2.06,1.99,3.25,2.36,2.80,1.70,2.00,3.76,1.21,2.10,2.32,2.26,2.42,1.78,2.09,2.23,2.41
2019-03-15,2.22,1.40,2.06,0.91,1.30,0.84,3.26,1.53,2.37,1.83,1.66,1.00,1.53,3.02,2.16,1.92,2.53,2.15,1.70,1.27,-0.18,-0.28,0.53,-0.60,0.41,1.36,1.39,1.99
2019-03-14,-5.70,-1.11,-1.25,-0.77,-1.76,-2.74,-0.20,1.09,-2.31,-2.56,-1.56,-2.19,-1.20,-2.05,-2.26,-1.18,-3.80,0.09,-1.92,-3.14,-2.49,-4.29,-3.91,-2.21,-0.10,-1.41,-1.46,-2.15
2019-03-13,-6.07,-1.44,-1.47,-1.56,-0.74,-4.13,-0.59,-0.08,-0.95,-0.93,-0.74,-1.85,-1.26,1.82,-1.72,-0.49,0.17,-1.09,-0.96,-2.07,-1.80,-5.74,-3.00,-5.08,-0.01,-0.20,-1.98,-1.75
2019-03-12,5.81,0.75,1.07,0.74,0.51,1.71,-0.61,-0.39,1.09,1.65,0.83,1.80,0.93,1.23,0.65,0.57,2.53,1.24,1.09,2.16,3.67,3.53,4.39,2.16,0.35,1.02,1.37,1.91
2019-03-11,3.65,2.09,4.02,2.23,2.71,4.06,2.53,3.17,3.47,3.46,4.04,3.16,3.44,2.26,3.85,3.09,4.32,2.52,2.96,7.62,3.69,3.48,4.87,3.58,0.36,0.81,2.94,3.76
2019-03-08,0.78,-5.75,-4.65,-6.57,-6.33,-0.85,-4.03,-2.24,-4.53,-5.10,-2.98,-4.85,-4.83,-5.09,-4.93,-4.03,-5.49,-4.61,-5.38,-4.26,-4.07,-1.85,-5.00,-2.75,-3.83,-6.25,-4.46,-4.68
2019-03-07,0.25,1.23,0.40,0.38,2.49,-0.25,-1.85,-2.15,1.28,1.52,-0.13,0.92,0.88,-0.75,1.24,0.34,2.74,0.16,0.52,0.52,-0.29,3.87,1.14,0.91,-1.47,0.87,0.12,0.82
2019-03-06,1.38,2.24,1.69,4.30,2.73,0.77,0.99,-0.83,1.82,1.69,0.97,2.00,1.62,0.55,1.42,0.37,2.71,1.06,1.41,1.34,0.42,2.56,2.12,1.84,0.45,3.37,1.89,1.58
2019-03-05,3.64,0.59,1.45,0.15,1.71,3.91,1.95,-0.08,2.00,2.78,1.27,1.66,0.76,2.49,1.86,-0.24,4.02,0.98,1.77,2.24,2.93,4.67,3.20,4.74,-0.42,0.03,1.25,2.53
2019-03-04,5.39,0.57,0.92,1.29,1.64,2.11,2.30,0.65,1.17,2.10,1.68,2.22,0.88,2.99,1.85,0.33,1.29,1.67,1.43,1.57,2.29,2.91,1.83,2.03,0.58,0.74,1.01,2.33
2019-03-01,2.54,1.30,0.91,1.39,0.42,0.84,1.82,3.39,0.60,0.32,0.30,0.56,0.79,0.72,0.62,0.78,0.50,2.66,0.89,0.98,0.51,0.69,1.02,0.69,3.25,3.55,0.88,1.32
2019-02-28,-1.16,-0.05,0.95,0.05,-0.38,0.18,0.14,1.30,0.45,0.90,2.49,-0.17,-0.18,-0.45,0.37,1.21,-0.26,1.53,-0.33,0.35,-0.03,-0.20,-0.12,-0.40,-0.42,-2.40,0.32,0.12
2019-02-27,-2.84,-0.21,-0.34,-1.08,-1.19,-2.52,-0.27,1.42,0.49,-0.60,-0.79,0.11,-0.06,1.19,0.25,0.43,1.00,-0.11,-0.36,-1.82,1.86,-0.80,-0.18,0.58,1.68,-0.04,-0.60,-0.56
2019-02-26,2.82,0.96,-0.14,3.35,1.03,-1.21,-2.11,-1.72,-0.26,-1.08,1.06,0.31,-0.25,-0.73,-1.04,-1.63,-0.78,-0.56,1.36,-1.25,-1.04,0.33,0.46,-2.36,-2.27,-2.48,-0.42,-0.09
2019-02-25,1.40,4.76,4.77,5.16,6.90,5.73,5.23,3.24,4.43,4.59,4.22,4.47,4.84,5.51,5.36,3.73,5.82,4.61,5.09,4.45,5.90,7.38,5.86,5.43,6.75,9.59,4.23,5.24
2019-02-22,1.14,0.64,1.38,1.25,1.04,3.37,0.20,0.70,1.81,1.39,1.47,1.32,1.81,1.52,2.92,1.10,3.54,0.99,1.04,2.33,2.04,4.17,3.38,4.95,1.38,6.41,1.13,2.30
2019-02-21,1.35,-0.48,-0.83,-1.06,-0.11,0.01,-0.62,-0.56,-0.67,0.22,-0.35,-0.67,-0.33,-1.09,-1.06,-0.43,-0.37,-1.10,-0.66,-0.32,-0.78,-0.31,1.00,2.03,-0.47,0.16,0.33,-0.39
2019-02-20,2.18,1.00,0.02,0.46,1.92,0.21,0.23,-0.62,-0.04,0.98,-0.69,0.01,0.60,1.23,-0.01,0.61,0.30,0.66,0.13,0.42,0.20,-0.93,0.37,0.51,0.14,0.53,0.64,0.00
2019-02-19,-0.26,-0.10,0.08,-0.01,0.00,0.48,0.04,-1.07,-0.12,0.42,-0.66,-0.16,0.89,0.13,-0.43,0.10,0.84,0.06,-0.12,-0.16,1.79,1.02,0.03,-0.24,-0.12,0.95,0.07,-0.12
2019-02-18,3.57,2.39,3.22,2.30,3.05,5.25,2.93,2.89,2.56,3.23,3.71,2.43,2.22,2.69,2.80,2.98,2.72,3.69,2.64,3.54,3.56,4.17,3.64,3.88,1.91,4.69,3.54,3.43
2019-02-15,3.20,-0.92,-0.87,-1.38,-0.17,-0.25,-3.14,-1.79,-0.04,-0.99,-0.80,0.34,-0.97,-1.98,-0.43,-1.86,0.01,-1.56,-0.54,-0.60,-0.62,-0.45,-1.03,0.02,-1.92,-2.35,-2.07,-0.28
2019-02-14,0.11,-0.13,0.55,-0.15,-0.15,0.84,0.99,1.47,0.23,0.46,0.56,0.08,0.52,0.23,0.42,1.69,0.12,-0.03,0.00,1.38,0.06,0.11,0.95,-0.49,-0.52,-0.24,0.19,0.59
2019-02-13,0.53,0.80,2.08,1.51,2.55,3.85,1.29,1.59,0.96,1.49,1.35,1.17,1.30,1.67,1.40,2.50,1.72,1.79,1.06,1.18,2.20,2.72,1.75,4.49,1.40,2.51,1.91,1.61
2019-02-12,1.30,1.37,1.33,0.53,0.90,2.09,0.79,-0.15,1.25,1.85,2.56,1.03,1.01,0.55,1.37,0.74,1.43,0.73,1.21,0.76,0.75,0.73,1.13,0.77,0.07,0.37,1.51,1.18
2019-02-11,5.11,1.39,2.08,1.73,2.99,4.05,2.95,4.00,1.90,2.65,2.37,1.91,1.53,1.46,2.15,3.86,2.51,2.17,1.56,2.48,2.29,3.79,3.00,3.42,-0.02,1.67,2.14,2.26
2019-02-01,1.81,1.58,2.49,1.60,2.51,3.84,1.49,1.43,2.02,2.32,3.31,2.16,1.54,1.16,2.49,1.45,2.45,2.14,1.60,3.33,2.27,3.56,3.03,2.58,0.12,1.54,1.92,2.56
2019-01-31,-0.84,-0.32,-0.83,-0.62,-1.94,-0.02,1.85,1.11,-1.13,-2.04,-0.27,-0.93,-0.74,-0.16,-2.50,-0.17,-1.68,-0.50,-0.41,-1.57,-1.30,-1.38,-1.71,-0.24,1.74,1.87,-0.84,-1.61
2019-01-30,-0.95,-0.76,-1.00,-0.54,-0.61,-1.29,-1.37,-1.58,-1.04,-2.19,-1.07,-1.32,-0.62,0.38,-1.72,-2.35,-1.48,-1.09,-0.99,-0.66,0.13,-1.84,-2.16,-2.08,-0.35,-1.00,-1.31,-1.41
2019-01-29,-0.58,-0.19,-0.91,1.07,-2.28,-2.25,1.15,0.61,-1.68,-1.20,-0.49,-0.79,-0.61,0.75,-0.15,-0.23,-2.04,-0.23,-0.63,-1.67,-2.19,-1.35,-2.38,-1.79,0.70,-0.40,-1.09,-1.46
2019-01-28,0.37,-0.37,-0.65,-0.69,-0.25,-0.16,0.00,0.20,-0.42,-0.34,-1.33,-0.45,0.17,-0.30,0.64,-1.23,-0.69,0.21,-0.78,0.28,-0.64,-0.10,-0.89,-1.04,-0.14,-0.14,-0.77,-0.46
2019-01-25,-0.76,-0.36,-0.28,0.30,-0.72,0.51,0.85,0.47,-0.96,0.44,-0.33,-0.58,0.05,0.71,-0.60,0.03,-0.08,0.61,0.18,-0.55,-1.29,-0.86,-0.42,-1.57,1.61,0.44,0.65,0.23
2019-01-24,1.16,-0.46,-0.37,-0.35,-0.51,1.56,0.76,0.78,0.38,0.06,0.44,0.08,0.19,0.05,0.22,-1.92,-0.24,0.05,-0.74,0.56,1.21,1.70,0.76,0.55,0.83,1.43,0.19,0.18
2019-01-23,1.16,-0.49,0.85,-0.28,0.39,-0.32,0.40,-0.26,0.00,0.49,-0.37,0.07,-0.06,-0.20,0.36,-0.39,0.13,0.80,-0.17,0.40,0.11,-0.11,-0.17,-0.19,0.27,-0.47,0.75,0.33
2019-01-22,-1.03,-1.59,-0.74,-2.05,-1.46,-1.01,-1.50,-1.69,-0.62,-1.06,-1.70,-1.07,-1.28,-0.41,-1.35,-1.00,-1.71,-1.70,-1.21,-1.22,-1.41,-1.66,-1.45,-1.43,-0.81,-1.41,-1.04,-0.97
2019-01-21,-0.32,0.61,1.15,0.00,0.43,1.10,0.78,1.26,0.48,0.56,0.47,0.32,0.47,-0.31,0.79,1.39,0.08,0.36,0.20,0.48,0.27,0.58,0.26,1.94,0.21,0.36,0.93,0.56
2019-01-18,1.82,1.52,1.21,2.92,1.90,0.97,1.72,2.24,0.28,0.86,2.29,0.72,1.34,1.08,0.42,-0.59,0.47,1.58,1.45,0.77,0.68,0.49,0.23,-0.35,1.84,1.64,0.47,0.46
2019-01-17,-0.55,0.77,-1.03,0.23,-0.24,-1.46,-0.93,-0.16,-0.72,-0.41,-0.66,-0.55,-0.54,-0.53,-0.86,-0.54,-0.22,-0.57,-0.81,-0.97,-1.17,-1.62,-0.59,-1.38,-0.52,-0.50,-0.89,-0.77
2019-01-16,-0.07,1.03,-0.39,-0.23,-0.83,-1.00,0.33,-0.22,0.01,-0.15,1.01,0.01,-0.04,0.38,0.22,0.21,-1.06,-0.42,-0.39,-0.59,-1.37,0.36,0.33,-1.00,0.21,-0.30,0.19,-0.39
2019-01-15,0.14,-0.18,0.86,0.09,0.65,1.80,2.87,5.14,1.02,0.69,2.17,0.51,0.77,0.71,0.86,2.35,0.51,1.67,0.95,1.82,0.88,2.24,1.14,1.08,1.06,2.55,0.80,1.55
2019-01-14,0.01,1.15,-0.47,1.22,-0.08,-1.20,-0.59,-1.35,-0.28,-0.65,-1.49,-0.40,-0.90,-0.75,-0.15,-2.25,0.25,0.02,-0.74,-0.64,-0.91,-1.27,-1.15,-0.49,-0.68,-0.93,-0.54,-0.05
2019-01-11,0.41,1.08,0.63,0.75,0.90,0.85,0.57,1.83,0.39,0.61,0.11,0.29,0.87,0.70,0.82,0.54,0.63,1.37,0.76,0.24,1.46,0.82,0.61,1.30,0.85,0.75,0.82,0.93
2019-01-10,0.07,0.14,-0.28,-0.29,-0.10,0.07,0.01,-0.06,-0.24,-0.16,-0.55,-0.27,-0.42,-0.80,-0.29,-0.49,-0.38,0.21,-0.65,1.71,-0.22,-0.35,-0.08,1.07,-0.25,-0.34,-0.90,-0.18
2019-01-09,-0.04,0.15,0.89,0.76,0.03,0.75,3.90,1.52,0.52,0.62,0.83,-0.37,0.46,0.64,0.50,1.55,0.35,0.05,-0.18,0.29,-1.06,-0.04,0.23,0.51,0.85,0.96,1.72,-0.18
2019-01-08,-0.73,0.06,0.10,-0.29,-1.34,0.41,0.16,-0.37,0.25,-0.10,-0.07,0.57,0.00,-0.53,0.07,0.64,-0.02,0.38,0.01,-0.09,-1.86,-0.52,0.06,-0.55,-0.43,-0.32,-0.16,0.15
2019-01-07,2.34,1.49,1.51,1.37,1.85,2.87,0.42,0.88,1.32,1.38,0.67,1.04,1.22,0.77,1.23,1.42,1.94,1.82,1.27,3.26,4.34,2.76,1.71,3.19,-0.22,-0.35,1.45,2.34
2019-01-04,2.32,1.94,2.02,1.68,2.42,2.10,2.16,1.83,1.84,2.03,2.75,1.30,1.52,2.60,2.31,0.86,2.47,2.19,2.29,3.09,2.41,3.97,2.95,1.86,2.06,4.35,1.57,2.44
2019-01-03,-0.14,0.00,-0.97,0.49,1.09,-1.86,-0.53,-1.91,-0.83,-0.85,-1.88,-0.47,-0.26,-0.12,0.08,-2.66,-1.15,-1.73,-0.15,-0.13,3.22,-0.52,-0.56,-2.34,0.88,1.51,-0.95,-0.21
2019-01-02,-0.24,-1.15,-0.79,-1.68,-1.23,-0.48,-0.49,-0.71,-0.72,-0.72,-2.89,-1.07,-0.48,-0.77,-0.48,-1.84,-0.32,-0.88,-0.68,-0.44,0.95,-0.16,-0.52,1.83,-1.66,-1.06,-1.49,-0.65
2018-12-28,0.91,-0.20,-0.12,0.28,0.52,-0.46,-0.08,2.35,0.60,-0.11,0.48,0.68,0.15,0.76,0.85,1.14,0.45,0.09,1.04,-0.11,0.27,-0.65,0.12,-0.22,0.95,0.43,0.14,0.21
2018-12-27,-1.31,-0.45,-1.42,-0.67,-1.30,-1.47,-0.60,-0.07,-1.35,-1.67,-1.17,-0.68,-0.79,-1.05,-1.08,-0.26,-2.19,-1.59,-1.15,-1.44,-0.63,-1.86,-2.16,-0.25,0.15,-0.48,-0.53,-1.37
2018-12-26,-0.35,-0.89,-0.57,-0.37,-0.34,-0.86,-0.39,-0.86,0.45,0.26,-0.42,0.14,-0.13,-0.11,-0.07,-0.52,0.95,-0.22,-0.32,0.65,-0.59,-0.69,0.41,-1.63,-0.36,-1.02,-0.03,-0.24
2018-12-25,-0.86,-2.25,-1.55,-2.58,-1.51,-0.31,-0.85,-0.20,-1.18,-0.68,-0.17,-1.00,-0.59,-0.70,-1.07,-0.34,-1.29,-1.50,-2.06,-1.21,-0.90,-0.64,-1.51,1.53,-0.38,-1.19,-0.99,-1.65
2018-12-24,1.91,0.11,0.80,0.16,0.27,1.46,0.22,0.72,0.37,0.77,1.94,0.10,0.61,-0.26,0.74,1.35,0.28,0.49,-0.23,0.83,1.41,1.23,-0.17,3.10,-0.22,-0.49,0.66,0.97
2018-12-21,-0.60,-0.77,-0.90,-0.45,-1.20,-1.05,-0.91,-1.29,-0.58,-1.02,-1.58,-0.48,-0.99,-2.20,-0.78,-1.11,-1.78,-1.38,-1.02,-0.63,-1.31,0.12,0.31,-0.35,-1.09,-1.51,-0.33,-0.69
2018-12-20,1.66,-0.02,0.09,-0.10,-0.02,0.49,-0.17,-0.31,0.51,0.00,-0.48,0.23,-0.33,0.00,0.11,-0.23,0.79,-0.15,-1.61,0.52,-0.47,0.76,0.93,0.91,-1.83,-0.32,-0.13,-0.07
2018-12-19,-2.04,-1.33,-1.71,-0.80,-1.02,-1.35,-1.01,-1.85,-1.16,-0.97,-2.56,-0.80,-0.59,-0.30,-0.69,-1.03,-1.05,-1.14,-0.93,-1.62,-1.40,-1.55,-1.43,-0.61,-1.11,-0.92,-0.75,-1.09
2018-12-18,0.06,-1.07,-0.63,-0.88,0.09,-0.93,-1.25,-0.56,-0.85,-0.36,-0.65,-0.29,-0.44,-2.22,-0.81,-0.59,-0.44,-1.97,-1.62,-0.26,-0.26,-0.46,-0.78,-0.59,-1.01,-1.19,-0.48,-0.72
2018-12-17,-0.20,-0.10,-0.14,0.71,0.50,-0.80,-0.46,-0.75,0.07,0.07,-1.37,-0.12,-0.22,0.41,-0.34,-0.42,0.73,0.82,1.55,-0.31,0.35,-0.44,-0.03,-0.41,0.33,-0.08,0.10,-0.05
2018-12-14,-2.11,-1.69,-2.01,-2.09,-2.69,-2.82,-1.34,-1.40,-1.90,-2.07,-2.73,-1.18,-1.83,-2.31,-2.58,-2.16,-3.13,-2.06,-1.57,-2.20,-2.48,-2.88,-2.55,-2.79,-1.13,-2.28,-1.76,-2.15
2018-12-13,-0.37,0.69,0.94,1.36,0.43,1.25,4.33,1.95,0.73,1.21,1.07,0.95,1.31,1.85,0.47,1.23,0.79,2.72,2.90,1.04,1.17,1.14,0.59,1.55,0.70,1.16,0.73,1.54
2018-12-12,0.10,0.13,0.34,0.31,-0.01,-0.17,0.81,0.88,-0.12,0.28,-0.69,0.51,-0.02,0.80,0.05,0.80,0.13,0.20,0.50,0.36,0.19,-0.50,-0.67,-1.53,0.15,0.48,1.39,0.32
2018-12-11,-0.19,-0.16,0.64,0.04,0.87,0.83,0.59,1.02,0.56,1.00,0.79,0.27,0.48,1.92,0.76,1.00,0.44,-0.07,0.15,0.84,0.51,0.73,1.73,2.12,0.03,0.32,0.64,0.58
2018-12-10,-0.57,-0.91,-0.95,-0.70,-0.90,-0.91,-2.40,-1.40,-1.11,-1.31,-1.68,-0.91,-1.32,-1.51,-0.78,-1.79,-0.81,-1.41,-0.51,-1.17,-1.90,-1.15,-0.14,0.24,-0.92,-1.49,-1.46,-1.09
2018-12-07,-0.24,0.99,0.31,0.61,-0.27,0.54,-0.50,-0.10,0.34,0.00,-3.24,0.76,0.40,0.41,0.22,0.20,0.00,1.07,1.45,0.42,-0.36,0.54,0.02,1.14,-0.15,0.10,0.22,0.77
2018-12-06,-1.20,-1.45,-1.65,-1.50,-1.21,-3.14,-2.33,-2.79,-1.40,-1.82,-3.59,-1.44,-2.14,-1.23,-1.97,-1.71,-1.81,-1.29,-1.32,-1.21,-0.61,-2.16,-2.10,-3.89,-1.16,-2.22,-1.71,-1.60
2018-12-05,1.82,-0.99,-0.68,-0.59,0.25,-1.03,-1.18,0.22,-1.04,-1.07,0.54,-0.57,-1.09,-0.20,-0.69,-0.20,-0.88,-0.97,-1.06,-0.24,-1.02,-0.78,-0.71,-1.16,-0.71,-1.30,-0.71,-0.70
2018-12-04,0.56,0.68,0.92,1.86,0.20,-0.04,-0.08,0.11,0.77,1.09,1.10,0.97,0.86,-0.83,0.33,1.39,1.73,0.51,1.17,0.30,-0.40,-0.04,0.60,0.42,0.34,0.38,0.45,0.85
2018-12-03,2.55,2.45,3.37,2.10,2.86,4.50,4.42,4.56,3.04,3.15,3.18,2.51,2.79,1.50,2.98,3.48,2.87,2.74,2.03,2.79,2.50,3.43,3.34,4.40,1.81,2.74,3.28,2.86
2018-11-30,0.80,0.71,1.42,0.25,1.12,1.48,-0.19,2.18,0.63,0.25,0.99,0.57,0.98,0.48,0.50,1.15,0.45,0.52,0.81,1.13,0.62,0.69,-0.15,1.10,0.85,1.13,0.52,0.60
2018-11-29,-0.28,-1.52,-2.03,-1.86,-0.51,-2.57,-2.32,-0.53,-2.29,-1.70,-1.38,-1.87,-1.77,-2.45,-2.14,-1.94,-2.79,-1.66,-1.36,-1.85,-1.98,-3.18,-3.41,-3.86,-0.55,-2.29,-1.60,-1.87
2018-11-28,2.04,1.20,1.03,0.14,0.87,2.18,1.56,1.53,0.87,1.07,0.80,0.72,1.23,1.68,0.59,2.78,0.70,0.48,0.95,2.00,0.91,0.97,2.58,1.56,0.72,1.77,0.79,0.98
2018-11-27,0.21,-0.08,0.75,-0.44,0.82,0.41,-0.36,-0.43,0.61,0.14,0.26,0.23,-0.69,-0.47,0.26,-0.15,0.67,0.04,0.16,0.79,1.28,1.11,1.05,2.06,-0.53,0.09,0.73,0.71
2018-11-26,-0.17,-1.14,-0.91,-2.21,-0.79,-0.49,-0.03,-0.58,-0.19,-0.29,-0.43,0.05,0.08,0.29,-0.11,-0.81,0.12,1.08,-0.19,0.18,0.33,-0.33,-0.04,1.14,0.45,0.09,-0.41,-0.19
2018-11-23,-1.87,-3.23,-3.99,-3.62,-4.74,-3.78,-2.54,-2.15,-4.33,-4.04,-2.79,-3.50,-2.64,-3.69,-3.70,-2.29,-4.96,-3.37,-3.07,-3.93,-4.30,-4.38,-4.76,-4.12,-1.28,-2.23,-3.63,-3.57
2018-11-22,-0.59,-0.42,0.01,-1.72,-0.43,-0.14,0.62,-0.15,0.26,-0.07,0.56,-0.20,-0.35,-0.63,-0.29,-0.51,-0.23,-0.77,-0.05,0.01,0.07,0.23,0.38,-0.21,-0.38,-1.16,1.18,-0.01
2018-11-21,1.03,-0.29,0.12,0.09,-0.45,-0.05,-0.18,1.00,0.63,0.36,1.54,0.24,0.95,1.09,1.00,0.95,0.76,0.67,0.46,0.98,-0.15,-0.12,1.02,0.64,0.09,0.01,0.17,0.86
2018-11-20,-2.48,-2.33,-2.58,-1.92,-1.48,-3.85,-2.76,-1.99,-3.03,-2.85,-2.14,-2.86,-2.21,-2.60,-1.94,-2.33,-3.24,-3.24,-2.40,-2.98,-0.31,-2.78,-3.05,-3.18,-1.47,-3.53,-1.97,-1.97
2018-11-19,-0.28,0.67,0.46,-0.32,0.42,-0.06,0.75,1.26,0.26,0.34,0.27,1.01,0.28,3.14,0.43,0.12,0.38,2.32,1.31,0.26,0.27,-0.58,-0.67,-0.57,1.39,1.82,0.57,0.40
2018-11-16,0.64,-0.33,0.59,-1.40,0.50,1.74,1.26,0.23,1.45,1.00,-0.40,0.43,0.92,2.04,1.48,1.04,2.51,-0.30,0.71,0.51,0.50,1.02,1.03,1.62,0.04,1.36,0.59,0.58
2018-11-15,0.91,1.04,0.83,0.39,1.47,1.78,0.51,0.76,1.36,1.78,0.95,1.40,0.99,1.36,1.18,1.55,2.42,1.60,1.53,1.25,2.68,2.85,2.22,2.05,0.84,2.45,0.69,1.60
2018-11-14,-0.02,-1.13,-0.59,0.76,-0.58,-0.55,-1.18,-1.89,-0.01,-0.24,-0.38,-0.30,0.23,0.75,-0.48,-0.92,0.37,0.01,-0.06,-0.22,-0.66,-0.05,-0.15,-0.70,-1.16,-1.52,-0.22,-0.35
2018-11-13,2.18,0.65,1.37,1.06,1.48,0.94,1.80,2.74,2.28,2.28,1.51,1.52,1.66,1.44,1.99,0.92,2.88,1.25,1.03,1.56,1.27,1.15,3.86,0.70,0.37,1.63,1.01,1.37
2018-11-12,2.00,0.76,2.25,1.09,1.86,3.50,1.90,-0.02,2.19,2.67,2.24,2.91,1.71,1.89,2.38,0.76,3.71,2.32,2.22,3.22,1.98,3.86,3.56,3.03,0.34,0.91,2.48,2.52
2018-11-09,-1.67,-1.16,-0.59,-1.03,-1.26,-0.06,-1.36,-0.67,0.07,0.48,-0.74,-0.65,-0.99,-0.66,-0.18,-0.46,0.80,-1.44,-0.74,-0.09,0.02,0.18,-0.72,1.09,-3.04,-1.33,-0.32,-0.36
2018-11-08,0.16,0.18,-0.40,-0.14,-1.68,-1.18,-0.31,0.18,0.31,-0.02,-0.07,-0.26,-0.68,-0.05,-0.80,0.19,0.68,-0.33,-0.51,-0.53,-1.43,-1.18,-1.27,-1.04,0.65,-0.68,0.23,-0.14
2018-11-07,-0.22,-1.01,-1.01,-0.96,0.93,-0.43,0.19,0.27,0.10,-0.65,-0.27,-0.30,-0.71,-0.87,-1.08,-0.13,-1.07,-0.48,-0.63,-0.75,-0.58,-0.42,-0.69,0.81,-0.41,-1.35,-0.70,-0.32
2018-11-06,0.46,0.09,-0.57,-0.35,-0.31,-0.88,-1.61,-1.21,-0.17,-0.04,0.23,-0.27,-0.27,1.17,0.14,-0.95,1.59,-0.29,-0.13,-0.43,-0.53,-0.45,-0.68,0.18,-0.72,-0.44,-0.23,-0.24
2018-11-05,1.02,0.49,0.26,-1.06,-0.25,-0.41,0.12,-2.54,0.95,0.33,-0.46,0.85,-0.63,-0.41,0.53,-0.91,2.52,0.22,0.19,1.64,0.50,0.36,-0.22,0.32,-1.06,-0.41,0.27,0.74
2018-11-02,2.13,1.89,3.33,1.90,2.81,4.90,4.59,5.72,2.57,3.52,4.33,2.43,3.71,1.08,2.79,6.64,2.34,2.53,2.30,3.61,2.28,3.44,3.38,3.71,2.24,3.71,2.84,2.64
2018-11-01,-0.06,-0.83,0.21,-0.99,0.38,1.27,2.05,1.85,0.86,0.86,0.79,0.11,0.87,0.56,0.81,-0.07,0.50,1.02,0.22,0.56,1.19,2.43,1.53,0.91,-0.81,0.94,0.18,0.76
2018-10-31,1.64,1.08,1.37,1.25,2.68,1.93,2.14,3.73,1.26,1.35,2.70,1.45,1.52,1.20,0.68,4.07,1.98,3.52,2.78,1.43,1.23,1.19,1.13,0.97,0.20,0.10,0.61,1.80
2018-10-30,-0.54,0.89,1.07,1.10,1.05,0.18,0.91,-1.05,0.39,1.04,1.42,0.69,1.04,1.78,0.72,2.30,1.15,0.55,0.74,0.85,0.54,0.89,0.53,-0.79,1.62,2.95,1.60,0.92
2018-10-29,-1.19,-2.36,-1.82,-1.63,-2.04,-1.02,-6.19,-8.24,-2.36,-1.76,-1.95,-1.27,-2.36,-2.01,-2.10,-5.40,-0.97,-1.63,-1.22,-1.24,-1.15,-0.83,-1.28,-0.42,-1.93,-3.24,-2.38,-1.06
2018-10-26,0.22,1.32,0.20,0.97,0.45,-0.16,-0.05,-2.31,1.06,0.44,-0.53,0.49,-0.13,2.13,0.28,-2.47,0.90,0.33,0.32,0.06,0.17,-0.53,-0.24,0.23,-0.24,-2.27,0.18,0.07
2018-10-25,-0.47,-0.36,-0.68,0.37,0.19,-0.68,-0.70,-2.27,-0.93,-1.10,-0.97,-0.64,-0.46,2.24,-0.10,0.33,-0.54,-1.80,-0.87,-0.72,-1.20,-1.67,-0.25,-0.86,1.07,2.31,0.09,-0.70
2018-10-24,0.77,-0.02,-0.10,0.43,0.71,-0.69,-0.04,-2.66,-0.01,-0.26,-1.04,-0.02,-0.23,0.91,0.45,-1.71,0.20,-0.58,-0.37,0.03,-0.05,-0.86,-0.20,-0.01,2.02,1.57,-0.55,0.10
2018-10-23,-0.42,-1.35,-2.37,-2.25,-1.43,-2.79,-1.62,-5.69,-1.15,-1.88,-2.16,-1.42,-1.46,-1.90,-1.72,-1.50,-1.29,-2.96,-1.38,-1.45,-1.35,-2.07,-1.82,-1.95,-2.33,-1.87,-2.11,-1.49
2018-10-22,3.63,4.00,4.27,4.26,5.01,5.67,2.67,4.62,4.94,4.72,5.15,4.18,4.33,4.56,5.06,6.78,5.18,5.13,4.05,4.45,5.15,5.05,4.50,5.40,2.76,6.53,4.41,4.59
2018-10-19,1.58,1.73,1.22,1.91,1.98,2.70,1.84,3.70,1.06,1.68,2.32,1.54,2.54,3.09,2.73,2.18,2.72,2.49,1.69,2.45,1.68,4.18,2.62,3.10,3.15,4.53,1.91,2.06
2018-10-18,-3.30,-5.08,-3.43,-3.74,-3.76,-2.01,-1.84,-2.33,-2.88,-2.48,-3.39,-2.77,-3.04,-2.16,-2.50,-3.45,-3.38,-3.31,-3.57,-2.71,-3.55,-1.77,-2.47,-2.54,-1.93,-2.32,-2.25,-3.11
2018-10-17,0.96,0.89,0.25,1.37,-0.38,1.46,0.74,-0.73,0.30,0.88,-0.50,0.45,0.97,0.92,0.59,-3.86,0.89,0.62,1.48,1.11,-0.12,3.24,2.07,1.37,0.71,0.53,0.68,0.60
2018-10-16,-2.18,-1.43,-2.54,-1.88,-2.27,-2.64,-0.57,-0.42,-1.59,-1.99,-2.40,-1.07,-1.71,-2.56,-2.71,-2.11,-1.76,-2.19,-2.02,-1.71,-1.34,-3.60,-1.68,-2.03,0.62,0.23,-1.89,-1.71
2018-10-15,-0.57,-3.05,-1.44,-1.69,-1.94,-0.72,-1.70,-1.48,-1.12,-2.42,-1.28,-1.68,-0.87,-1.94,-2.07,-0.53,-1.47,-1.72,-2.07,-1.40,-0.62,-1.30,-1.30,-0.81,-1.23,-1.32,-2.67,-1.19
2018-10-12,0.19,1.44,0.29,2.49,-0.92,-0.11,0.80,2.92,-0.74,-0.71,0.39,-1.16,0.40,0.85,-0.97,2.30,-1.89,1.22,0.24,-0.48,0.44,-0.68,-0.52,-0.39,2.04,0.79,-0.27,-0.77
2018-10-11,-4.77,-5.58,-6.28,-5.47,-7.14,-7.16,-3.46,-3.95,-6.23,-6.99,-5.45,-5.96,-6.19,-6.24,-6.63,-5.84,-7.57,-5.87,-5.62,-6.78,-7.05,-8.49,-7.21,-8.35,-3.77,-5.63,-6.32,-7.31
2018-10-10,0.87,0.60,0.46,0.39,-0.76,0.02,-0.56,-2.50,0.06,0.10,-0.78,0.52,0.02,-0.10,-0.25,-0.81,0.10,0.68,1.38,-0.02,0.66,0.00,-0.05,0.16,0.54,-0.15,-0.35,0.48
2018-10-09,0.52,2.83,0.42,0.39,1.51,-0.73,0.64,0.76,0.01,0.41,-0.30,-0.25,-0.41,-0.47,-0.10,-0.30,-0.17,-0.01,0.07,-0.26,-1.87,-0.82,-0.39,-0.27,-0.15,0.00,0.04,0.22
2018-10-08,-1.81,-1.60,-3.36,-2.82,-2.76,-5.22,-3.13,-5.53,-2.62,-3.56,-4.08,-2.30,-3.28,-4.61,-2.95,-5.69,-3.36,-4.15,-2.71,-3.36,-2.95,-4.45,-3.86,-4.60,-3.59,-4.47,-4.25,-3.05
2018-09-28,0.14,0.89,0.83,1.29,1.21,0.74,0.84,0.90,0.94,1.06,1.04,0.55,1.29,0.12,1.31,2.05,1.02,0.74,0.83,1.18,0.14,0.50,1.14,0.28,1.29,1.43,2.21,0.68
2018-09-27,-0.99,0.31,-0.99,0.04,-1.21,-2.36,-0.37,-0.17,-1.39,-1.46,0.19,-0.55,-0.99,-0.97,-1.12,-2.05,-1.64,-1.21,-0.50,-1.62,-2.02,-1.79,-1.46,-2.17,-0.01,-0.92,-1.28,-1.64
2018-09-26,1.57,0.60,0.92,0.64,0.21,0.67,0.45,3.08,0.19,0.25,1.15,0.04,0.97,0.08,0.14,0.77,0.15,0.39,0.05,1.06,0.02,0.02,0.79,0.75,1.11,0.94,0.45,0.51
2018-09-25,1.20,-0.13,-0.38,-0.99,-0.26,-0.64,-1.01,-0.77,-0.03,-0.51,0.00,-0.17,-0.69,-3.05,-0.39,-0.80,-0.43,-0.62,-0.66,-0.62,0.92,-0.08,-0.47,-0.05,-1.30,-0.75,0.18,-0.36
2018-09-21,1.27,1.98,1.54,1.68,2.18,1.82,1.89,3.36,1.85,1.43,2.12,0.71,2.56,2.91,1.97,3.24,1.07,1.74,1.24,0.87,0.29,1.01,1.62,1.36,3.94,3.21,3.33,1.04
2018-09-20,-0.32,-0.33,0.25,0.42,0.50,-0.31,0.26,-0.07,-0.23,0.16,-0.45,-0.08,-0.22,-0.34,-0.02,0.65,-0.32,0.37,-0.11,-0.38,-1.46,-0.75,-0.14,-0.44,0.45,-0.37,-0.43,-0.19
2018-09-19,0.90,2.30,0.87,0.40,0.95,1.21,2.12,2.22,1.06,1.86,1.39,0.85,1.50,3.25,1.15,1.86,1.06,0.47,0.28,0.70,1.25,1.17,0.75,0.59,0.52,1.10,1.29,1.13
2018-09-18,0.84,1.62,1.98,3.14,1.93,1.40,0.86,2.40,1.13,1.17,2.00,1.25,1.65,1.32,2.10,1.61,1.78,4.02,4.94,1.78,1.31,2.08,1.82,1.39,1.63,2.22,0.90,2.16
2018-09-17,-1.36,-1.12,-1.87,-2.16,-2.28,-2.02,-1.11,0.12,-1.59,-2.12,-2.19,-0.61,-0.95,-1.37,-1.27,-0.82,-2.13,-1.57,-1.96,-0.84,-0.97,-1.39,-1.72,-1.27,-0.92,-0.81,-1.81,-1.21
2018-09-14,-0.49,-0.17,-0.45,0.43,0.01,-1.46,0.56,1.45,-0.81,-0.96,-1.24,-0.17,0.14,0.11,-0.76,-0.11,-0.27,0.01,-0.73,-0.36,-3.03,-2.94,-0.78,-1.84,-0.15,0.35,0.98,-0.91
2018-09-13,0.08,1.79,1.17,0.49,1.12,1.03,0.93,0.50,0.24,0.81,-1.23,1.01,0.85,0.70,0.77,1.57,0.91,0.82,0.86,0.81,2.08,1.41,-0.29,2.45,1.27,2.05,0.92,0.85
2018-09-12,-0.48,0.06,0.00,-0.20,0.45,-1.02,-0.38,-1.97,-0.11,0.23,-1.84,0.05,-0.43,-0.21,-0.07,-1.46,0.05,-0.36,-0.03,0.16,1.37,-0.38,0.42,-0.77,0.13,-0.43,0.15,-0.01
2018-09-11,0.10,-0.58,-0.86,-3.69,0.12,0.33,0.20,0.45,0.13,0.13,0.40,-0.04,0.20,-0.68,-0.14,0.61,-0.15,-2.36,-0.24,0.67,1.64,0.87,-0.18,1.37,-0.76,-0.21,-0.17,0.48
2018-09-10,-0.82,-0.91,-1.82,-0.32,-2.45,-3.81,-0.88,-0.82,-1.62,-2.08,-1.66,-0.86,-1.49,-0.01,-1.81,-2.49,-2.08,-3.18,-1.04,-1.27,-2.15,-2.93,-2.58,-2.79,-0.45,-2.02,-1.68,-1.63
2018-09-07,0.44,2.16,0.28,0.84,0.34,-0.90,0.18,1.19,0.37,0.52,1.29,0.29,0.70,0.67,0.11,2.42,0.25,0.62,0.82,0.30,-0.97,-2.53,-0.42,-1.80,0.44,1.12,0.42,0.32
2018-09-06,-0.15,-0.37,-0.77,-0.34,-0.66,-0.76,-1.58,-2.44,-0.74,-1.16,-0.97,-0.17,-0.94,-1.45,-0.90,-1.58,-0.61,-0.92,-1.02,-0.27,0.69,1.00,-0.76,0.39,-0.38,-1.14,-0.51,-0.28
2018-09-05,-1.02,-1.60,-1.82,-2.01,-1.97,-1.68,-2.40,-2.06,-1.23,-1.92,-1.35,-1.20,-1.36,-1.98,-1.33,-2.47,-1.64,-2.44,-1.81,-0.89,-0.50,-1.86,-0.63,-0.35,-2.16,-2.34,-2.00,-1.52
2018-09-04,0.97,1.07,0.75,1.01,0.29,1.57,1.13,1.01,0.96,0.96,0.75,0.91,0.79,1.34,0.57,0.47,1.21,0.90,0.74,0.96,3.23,2.48,1.62,1.20,1.17,1.92,0.71,1.17
2018-09-03,0.87,-0.12,-0.36,-0.43,-0.18,-0.64,-0.59,-0.07,-0.45,-0.27,-0.15,0.10,-1.33,-0.39,0.12,-0.60,-0.40,-0.34,-0.90,0.33,1.87,1.56,-0.05,-1.13,-0.15,-0.20,-0.53,-0.08
2018-08-31,-0.85,-1.01,-0.96,-0.40,-1.23,-0.97,-2.02,-2.70,-1.22,-1.23,-1.76,-0.83,-0.68,0.63,-0.68,-2.08,-0.58,-0.35,-0.24,-0.98,-0.59,-1.00,-1.33,-0.65,0.85,-0.06,-0.80,-0.88
2018-08-30,-0.94,-1.38,-1.33,-1.98,-1.32,-1.85,-0.90,-0.93,-1.00,-0.94,-1.46,-0.65,-0.53,-1.13,-1.16,0.47,-1.18,-1.98,-2.02,-1.36,-2.01,-2.16,-1.09,-2.99,-1.22,-0.75,-0.68,-1.87
2018-08-29,-0.04,-0.61,-0.62,-0.87,-1.08,-0.82,-0.85,-0.32,-0.63,-0.72,-0.52,-0.59,-1.38,0.27,-0.52,-1.46,-0.25,-0.28,-0.55,-0.76,0.30,-0.17,-1.20,-0.21,-0.21,-0.28,-0.46,-0.45
2018-08-28,0.37,0.14,0.52,0.04,1.04,-0.13,0.58,-0.76,-0.32,-0.04,-0.21,-0.02,-0.18,-0.04,0.42,-0.19,0.05,-0.82,-0.13,0.75,0.92,0.00,0.28,0.68,-0.27,-0.87,0.13,0.17
2018-08-27,1.56,1.39,2.05,1.07,1.78,3.43,3.20,3.67,2.07,2.21,3.21,1.37,1.69,2.76,2.09,5.25,1.34,2.63,1.38,1.83,3.10,2.76,2.17,3.87,1.32,1.34,1.81,1.86
2018-08-24,0.03,-0.35,-0.49,-0.54,-0.31,-0.47,-0.26,-1.08,-0.22,-0.32,0.15,-0.18,0.38,0.03,-0.44,-0.03,-0.20,0.09,-0.52,-0.39,-1.27,-0.20,-0.57,-1.60,2.05,0.37,0.04,-0.25
2018-08-23,-0.29,-0.37,0.45,-1.04,0.26,1.10,-0.53,0.41,0.40,0.35,0.91,0.24,-0.19,-0.60,0.46,-0.11,-0.12,-0.18,0.14,0.47,0.77,1.86,0.51,1.93,0.30,1.13,0.34,0.58
2018-08-22,0.08,-0.08,-0.87,-0.41,-1.28,-1.65,-1.61,-0.83,-1.46,-1.01,-0.64,-1.08,-0.84,-0.74,-0.80,-2.06,-0.87,-0.85,-1.60,-0.81,-0.12,-1.91,-0.99,-1.67,-0.34,0.55,-0.71,-1.03
2018-08-21,1.31,0.45,1.16,-0.10,1.03,1.11,2.31,3.75,0.69,1.70,3.32,0.55,2.04,1.02,1.42,3.60,0.52,1.67,2.08,1.01,1.46,0.45,1.32,0.24,0.74,1.63,1.25,1.00
2018-08-20,-1.79,0.84,0.57,1.99,1.45,1.10,1.08,0.88,-0.46,0.59,-0.95,0.31,-0.09,0.96,0.08,-0.14,-0.65,1.12,-0.28,0.53,0.88,2.32,0.54,3.04,1.51,1.92,0.36,0.20
2018-08-17,-1.83,0.10,-2.02,-0.27,-1.35,-1.55,-2.08,-1.85,-1.66,-1.55,-3.10,-1.05,-1.91,-0.96,-1.26,-2.16,-2.04,-2.62,-1.87,-1.67,-1.30,-1.95,-2.42,-1.67,-0.70,-0.86,-1.53,-1.91
2018-08-16,-2.81,-1.23,-1.13,-1.30,-1.27,-0.62,-0.38,-2.09,-1.70,-0.93,-0.63,-1.09,-1.03,0.05,-0.89,-1.55,-0.58,-1.36,-1.69,-0.94,-1.00,-1.01,-1.41,1.40,0.25,0.49,-1.33,-1.09
2018-08-15,-1.38,-2.19,-1.71,-2.19,-2.37,-2.38,-2.86,-2.85,-1.64,-1.96,-3.02,-1.94,-2.01,-1.47,-1.66,-2.85,-1.60,-3.20,-0.98,-2.18,-1.31,-2.14,-1.89,-2.07,-1.85,-2.76,-2.08,-1.95
2018-08-14,0.14,1.09,0.09,-1.63,-0.19,-1.35,-1.30,0.08,0.38,0.04,-0.33,0.17,-0.18,-1.20,-0.13,-0.64,0.36,0.40,-0.45,-0.24,-0.88,-1.32,-0.88,-0.12,-0.27,-0.37,0.23,-0.32
2018-08-13,-0.10,-0.07,0.18,1.52,0.14,1.22,-0.66,-1.06,0.50,0.14,0.69,-0.21,-0.40,-1.16,-0.27,0.35,-0.14,-0.25,-0.19,0.13,1.51,2.77,-0.17,2.14,-1.52,-1.00,-0.07,0.47
2018-08-10,1.28,-0.52,0.28,-0.48,0.10,0.69,0.53,0.20,0.41,0.69,1.92,-0.71,0.26,1.51,0.47,1.10,0.34,0.27,-0.04,0.18,0.75,1.17,0.36,1.20,-0.64,-0.13,0.41,0.34
2018-08-09,1.59,0.65,1.84,0.68,2.36,4.49,2.49,2.89,1.45,2.29,3.08,1.31,1.52,2.55,2.01,2.53,1.39,0.90,1.12,1.95,3.00,4.84,1.97,3.90,1.46,2.79,1.90,2.04
2018-08-08,-0.48,0.35,-1.22,0.47,-1.66,-2.82,-2.16,-2.05,-1.71,-2.27,-2.31,-0.76,-0.69,-1.27,-2.35,-1.67,-0.88,-0.09,-1.08,-0.91,-1.85,-2.26,-1.22,-1.93,-1.20,-1.93,-1.85,-1.64
2018-08-07,1.44,3.66,3.52,3.13,2.45,2.78,4.06,2.71,1.35,1.89,2.29,1.74,2.78,3.09,2.53,1.62,2.26,3.55,4.54,2.17,2.44,3.47,2.53,3.06,2.07,2.95,2.18,3.32
2018-08-06,-3.55,-0.50,-2.59,-0.53,-3.46,-1.80,-0.78,-1.97,-2.02,-2.23,-3.56,-1.69,-2.33,-1.99,-2.10,-3.86,-1.03,-0.39,-0.07,-2.19,-2.38,-1.88,-1.58,-1.50,0.57,-0.55,-1.70,-1.51
2018-08-03,0.68,1.26,-1.26,-0.95,-1.34,-2.78,-3.51,-2.53,-0.76,-0.90,-2.64,-0.10,-1.14,-1.02,-0.85,-3.01,-0.70,-3.47,-2.10,-1.16,-1.01,-2.29,-1.34,-2.17,0.14,-0.84,-1.74,-1.44
2018-08-02,-1.69,-1.52,-2.03,-0.13,-2.57,-2.58,-4.04,-2.69,-2.60,-3.51,-0.67,-2.07,-2.08,-2.91,-2.06,-3.63,-2.18,0.09,-0.62,-2.61,-4.06,-2.85,-3.09,-2.68,-1.96,-2.69,-2.81,-2.08
2018-08-01,-1.67,-2.44,-1.13,-2.98,-1.96,-1.76,-2.74,-1.86,-1.17,-1.32,-1.72,-1.34,-0.46,-3.17,-1.17,0.06,-1.51,-1.58,-0.94,-1.62,-3.16,-1.15,-1.54,-1.41,-1.89,-2.74,-1.41,-1.52
2018-07-31,1.04,-0.05,0.16,-0.58,-0.46,-0.22,-0.03,0.36,0.07,0.09,0.15,-0.09,0.34,1.13,0.25,-0.19,0.64,-0.94,-0.67,-0.38,-0.67,-0.55,-0.08,-0.01,0.23,0.15,-0.04,0.34
2018-07-30,-1.64,0.16,-0.39,0.60,-0.30,-1.76,-0.06,-2.05,-1.00,-1.24,-2.94,0.13,-0.96,-0.59,-1.85,-2.20,-1.28,1.15,0.66,-1.37,-0.60,-1.35,-1.99,-1.93,1.16,0.21,-0.44,-0.61
2018-07-27,-0.58,-0.09,-0.65,1.77,-0.80,-0.70,-1.31,0.71,-0.16,-0.53,-0.59,-0.71,-0.67,-0.33,-0.04,-0.79,-0.51,-0.01,-0.37,-0.44,0.04,-1.55,-1.27,-0.49,-0.30,-0.16,-1.04,-0.50
2018-07-26,-0.01,-0.02,-0.51,-0.98,-0.74,-1.96,-0.50,-1.22,0.00,-0.25,-0.83,0.75,0.09,-0.26,-0.44,-1.31,1.07,-1.21,-0.25,-0.37,-1.00,-1.94,-0.51,-1.90,-0.58,-1.51,-0.61,-0.44
2018-07-25,0.18,0.20,-0.43,1.87,-0.63,-0.36,-1.08,-0.47,-0.58,0.16,1.06,-0.58,-0.07,-0.12,-0.18,2.75,-0.01,-0.03,-0.48,-0.30,-0.14,0.11,1.08,-0.53,0.17,0.01,0.52,-0.03
2018-07-24,0.99,2.33,1.38,2.73,2.18,0.82,2.73,2.35,1.35,2.18,1.43,1.15,1.44,2.29,1.74,0.92,1.88,4.68,4.88,1.94,1.08,1.02,0.86,1.03,0.42,1.13,1.48,2.20
2018-07-23,1.68,1.97,1.42,2.46,1.93,1.47,-0.08,-1.23,0.33,0.40,-3.94,0.92,0.98,2.00,1.33,-2.04,0.74,2.99,3.54,0.91,4.11,2.06,0.66,1.85,1.81,0.98,0.93,1.44
2018-07-20,0.80,1.03,0.86,1.20,0.88,1.18,0.24,0.36,0.69,1.22,0.43,1.38,0.43,1.52,0.33,0.14,0.90,1.55,1.10,1.49,1.83,2.71,1.02,0.85,4.37,3.77,1.08,0.97
2018-07-19,-0.98,-0.60,-0.82,1.81,-0.96,-0.49,0.22,-0.61,-0.70,-1.12,-1.88,-0.35,-1.42,-0.40,-0.62,-1.15,-1.11,0.59,0.57,-1.24,-1.75,-1.19,-0.05,0.08,-0.04,0.45,-1.33,-0.57
2018-07-18,-0.77,-0.62,-0.43,-0.37,-1.13,-1.00,-1.29,-0.64,0.55,-0.24,-0.39,1.62,-0.60,-1.33,-0.57,1.60,-0.34,-1.23,-0.76,-0.39,-1.23,-1.20,-0.94,-1.68,-0.19,-0.59,-0.29,-0.38
2018-07-17,0.67,-1.06,0.26,-1.29,0.40,0.29,-1.22,-1.49,-0.15,-0.05,-1.13,0.08,-0.03,-0.02,-0.07,-0.55,1.18,0.24,-0.24,0.52,0.20,0.38,0.44,1.11,-0.71,-0.25,-1.21,-0.08
2018-07-16,-0.31,0.52,-0.18,-0.26,-0.58,0.24,-0.43,0.10,0.15,-0.28,0.10,-0.17,-0.24,-1.32,0.64,1.36,-0.08,-1.24,-0.41,-0.04,1.43,0.69,-0.59,1.74,-1.93,-0.98,-0.70,-0.06
2018-07-13,0.39,-0.59,1.04,0.45,0.88,0.59,0.27,1.91,0.05,0.24,1.70,0.00,0.11,0.11,0.27,2.78,0.12,0.84,-0.16,0.10,-0.75,-0.20,0.46,-0.10,-0.84,-0.14,0.26,-0.10
2018-07-12,1.26,1.78,2.15,1.84,1.86,4.37,1.90,2.52,1.94,2.56,2.67,1.94,1.96,1.82,2.64,1.94,1.71,1.87,2.22,2.57,2.53,3.83,2.42,4.97,1.07,2.80,1.44,2.55
2018-07-11,-0.79,-2.69,-1.47,-1.33,-1.67,-2.33,-2.06,-1.25,-1.63,-2.35,-0.90,-1.93,-2.20,-2.49,-1.99,-0.45,-2.12,-1.50,-1.92,-1.81,-3.07,-3.61,-2.87,-3.55,-1.23,-2.47,-1.42,-2.22
2018-07-10,0.26,0.19,1.07,1.22,1.27,1.16,-0.42,0.00,0.57,0.76,0.99,0.32,1.38,1.10,0.36,1.66,1.20,2.34,0.48,0.42,0.25,0.09,0.07,0.59,-0.39,-0.52,0.75,0.50
2018-07-09,2.24,1.72,3.28,2.39,2.06,3.57,3.33,2.73,1.69,1.91,3.32,1.38,1.59,2.34,2.23,2.95,1.43,3.19,1.41,1.64,2.03,1.90,1.12,2.05,3.36,2.56,1.55,1.78
2018-07-06,1.21,-0.01,0.15,0.65,0.68,0.35,1.51,1.22,-0.11,0.60,0.33,-0.56,-0.37,-0.11,0.50,-0.93,0.52,0.88,-0.25,0.55,1.33,0.85,0.45,0.84,0.68,1.50,0.40,-0.16
2018-07-05,-2.50,-2.87,-2.49,-2.75,-3.16,-2.41,0.13,-0.38,-2.83,-2.67,-2.57,-1.90,-1.11,-1.75,-2.13,-1.07,-2.41,-1.71,-1.38,-2.23,-2.79,-2.17,-1.61,-3.21,0.52,-0.48,-1.49,-2.47
2018-07-04,-1.08,-0.57,-1.73,0.82,-0.74,-2.82,-3.46,-0.94,-2.01,-1.70,-1.99,-0.46,0.07,-1.98,-1.78,-0.54,-1.50,-1.57,-1.31,-2.03,-1.42,-3.08,-1.67,-1.99,-0.33,-1.39,-1.54,-2.01
2018-07-03,0.03,0.40,1.07,0.08,0.35,1.55,-1.07,-2.04,-0.34,0.09,-0.53,1.00,-0.54,0.82,0.16,-2.04,1.31,0.60,0.48,0.80,4.41,3.32,1.57,3.24,0.48,1.70,0.13,1.32
2018-07-02,-1.28,-3.32,-1.42,-2.81,-2.02,-1.70,-4.26,-1.74,-1.21,-1.77,-0.43,-1.19,-1.86,-4.41,-1.94,-1.40,-1.29,-2.64,-2.13,-1.51,-0.83,-1.17,-1.11,-1.61,-3.36,-4.02,-2.44,-1.55
2018-06-29,2.32,1.69,2.95,1.51,2.31,4.49,4.13,2.97,1.84,2.33,3.63,1.64,1.91,2.65,2.44,2.28,2.48,2.73,1.10,2.20,3.54,5.28,3.49,3.31,1.42,2.41,2.68,2.77
2018-06-28,-1.29,-0.78,-1.39,-0.65,-1.21,-0.53,-1.30,-2.17,-0.50,-1.07,-1.51,-0.90,-1.79,-1.25,-1.35,0.27,-1.08,-1.66,-0.68,-0.87,-1.23,-1.02,-1.16,-0.13,-0.72,-0.10,-2.00,-0.94
2018-06-27,-0.63,0.17,-0.55,-2.42,-0.33,-1.13,-3.35,-4.21,-0.10,-0.69,-2.36,-0.36,-1.12,-2.40,-1.41,-3.68,-0.36,-1.51,-0.43,-0.55,-0.21,-0.26,-1.09,-0.83,-1.49,-1.80,0.02,-0.42
2018-06-26,-0.40,-1.03,0.58,-2.06,0.56,1.72,-0.79,-0.58,0.28,-0.08,-0.08,-0.03,-1.09,-2.65,0.03,-1.21,0.71,-2.35,-0.19,0.90,2.74,3.73,1.34,1.67,-1.68,0.02,0.27,0.86
2018-06-25,-1.13,-1.20,-0.68,-2.22,-0.45,-1.09,-0.65,0.40,0.86,-0.80,-0.07,-0.48,-1.25,-3.00,-0.77,1.08,-0.17,-1.69,-1.00,-0.19,-0.30,-0.76,-0.65,-1.33,-2.00,-1.77,-0.54,-0.38
2018-06-22,0.72,1.01,1.47,1.08,1.79,1.40,0.00,0.52,0.61,0.95,0.88,0.16,0.38,0.93,1.37,1.10,1.23,1.33,0.32,1.29,2.16,2.18,1.67,1.06,-0.06,0.77,0.82,1.44
2018-06-21,-2.18,0.21,-1.36,0.85,-2.63,-4.13,-0.99,-0.94,-2.02,-2.05,-0.86,-1.78,-1.50,-0.44,-2.06,0.09,-2.58,-0.05,-1.10,-1.79,-2.74,-4.28,-2.77,-3.87,-0.15,-2.37,-1.75,-2.43
2018-06-20,-0.35,0.32,0.88,2.42,-0.46,0.86,0.95,2.91,0.95,0.97,2.44,0.52,-0.81,1.37,0.84,0.59,-0.45,0.08,0.80,1.31,2.56,1.16,0.76,-0.51,-0.70,-0.48,0.19,0.68
2018-06-19,-3.19,-4.86,-6.04,-6.27,-6.45,-6.20,-3.86,-4.65,-5.37,-6.85,-4.16,-5.14,-4.33,-5.12,-6.81,-3.49,-6.80,-5.86,-3.73,-5.49,-6.47,-7.79,-5.95,-7.70,-1.05,-5.01,-5.02,-6.70
2018-06-15,-2.10,0.12,-1.87,-0.51,-1.84,-1.84,-0.20,-1.70,-2.46,-1.78,-1.85,-1.32,-0.94,0.47,-2.08,-1.72,-2.14,-0.77,-0.45,-2.06,-3.15,-2.99,-1.93,-3.35,0.41,-0.53,-1.46,-1.90
2018-06-14,-1.10,0.43,-0.60,1.75,0.12,-0.45,-1.79,-1.39,-0.59,-0.27,-0.71,-0.21,-0.57,-0.44,-0.59,-0.63,-0.25,-0.49,-0.48,-0.48,-0.72,-0.59,-0.45,-1.50,0.15,0.94,-0.53,-0.46
2018-06-13,-0.82,-1.26,-1.07,0.08,-1.64,-1.68,-0.91,-1.38,-1.74,-1.76,-1.94,-0.82,-0.93,-0.45,-1.58,-0.43,-1.32,-0.90,-1.16,-1.62,-2.37,-2.22,-1.59,-3.07,-0.52,-1.00,-0.80,-1.54
2018-06-12,1.11,1.60,0.68,0.49,-0.02,0.48,2.07,3.55,0.39,0.50,1.61,1.02,1.40,0.55,0.42,3.04,0.49,1.46,0.52,0.53,0.91,0.58,0.91,0.77,0.01,1.02,1.47,1.07
2018-06-11,-1.89,-0.96,-0.58,1.25,0.60,-0.60,1.29,-0.54,-0.16,-0.77,-2.34,-0.33,-0.49,0.90,-0.81,-2.57,-0.86,0.10,-0.38,-0.70,-0.54,-0.69,-0.39,-0.95,0.22,0.52,-0.08,-0.82
2018-06-08,-1.57,-1.84,-1.25,-1.61,-1.91,-0.38,0.10,-0.68,-1.95,-1.42,-0.56,-1.31,-1.21,-2.05,-1.86,-0.65,-1.44,-1.14,-1.19,-1.00,-2.17,-0.75,-1.48,-0.72,-1.79,-1.99,-0.44,-1.07
2018-06-07,-0.24,0.22,0.01,1.75,-0.02,-0.53,-0.96,-1.00,-1.68,-0.81,-1.25,-0.88,-0.58,0.96,-1.09,-0.04,-0.52,-0.94,-0.59,-0.52,-1.51,-0.87,-0.66,-0.99,0.40,0.11,-0.40,-0.71
2018-06-06,0.23,0.68,0.10,0.44,1.16,-0.09,-0.27,-0.31,0.08,0.08,0.79,-0.11,1.27,-0.70,-0.10,-0.42,0.11,0.94,-0.30,-0.21,0.34,-0.05,0.01,-0.15,-0.77,-0.59,-0.04,0.04
2018-06-05,1.08,0.22,1.64,0.25,1.28,3.46,1.56,1.30,0.90,0.79,2.87,0.64,0.90,0.58,0.63,0.90,1.18,1.22,0.50,0.63,2.16,3.03,1.24,2.04,-0.23,1.01,0.99,1.10
2018-06-04,-1.53,-0.01,0.43,0.91,-1.19,0.22,2.55,3.12,-0.32,0.36,-0.28,0.00,0.66,1.79,-0.65,-0.32,-0.18,0.52,0.26,-2.43,-0.35,-0.43,-0.93,0.04,0.95,1.20,0.28,-0.19
2018-06-01,-1.13,0.39,-1.37,0.77,-0.19,-1.95,-1.30,-1.73,-1.11,-0.63,-3.08,-0.57,-0.58,0.16,-1.22,-1.12,-0.76,0.08,-0.84,-1.52,-0.66,-1.12,-1.04,-0.70,-0.07,-0.20,-1.00,-0.50
2018-05-31,1.43,1.64,1.62,1.46,0.74,1.31,3.98,4.29,2.91,2.28,2.50,1.43,1.45,1.48,3.50,4.87,0.63,1.91,1.01,0.87,0.09,1.17,1.65,0.91,1.01,1.95,1.97,1.27
2018-05-30,-0.92,-3.92,-3.24,-3.17,-2.59,-3.52,-1.64,0.45,-1.63,-2.45,-2.03,-2.88,-2.80,-2.91,-2.27,-0.23,-3.23,-3.26,-2.87,-3.28,-3.08,-3.18,-3.14,-4.35,-2.05,-3.36,-3.01,-3.90
2018-05-29,-1.23,0.04,-0.87,0.85,-0.32,-0.33,-0.52,-0.76,-0.02,-0.78,-3.16,-0.49,0.24,-1.27,-0.54,1.23,-0.41,-1.80,-0.41,-0.95,-1.10,-0.50,-0.76,-0.94,-0.22,-0.92,-0.44,-0.79
2018-05-28,-0.10,-1.05,-0.88,-1.60,-0.96,-0.42,1.64,3.60,0.24,-0.34,0.90,-1.06,-0.15,-0.75,0.19,0.32,-1.09,-0.68,-0.66,-0.97,-3.14,-1.02,-0.49,-0.79,-0.36,0.62,-0.55,-1.02
2018-05-25,-0.19,-1.08,-1.49,-0.72,-1.66,-2.20,-0.29,0.54,-0.88,-0.74,0.49,-0.86,-0.21,-0.34,0.13,-0.14,-1.00,-0.79,-0.73,-1.26,-0.42,-2.49,-1.11,-1.83,-0.19,-0.47,0.42,-0.64
2018-05-24,-0.17,-0.10,-0.37,-0.03,-0.14,-1.30,-1.20,-1.16,-0.61,-0.27,0.50,-0.72,0.07,-0.35,0.72,0.26,-0.14,-0.05,-0.68,-0.78,-1.11,-0.39,-0.33,-0.31,-0.62,-0.76,-1.09,-0.46
2018-05-23,-0.93,-3.82,-1.99,-1.98,-2.02,-1.10,-1.37,-1.96,-0.76,-0.91,-0.46,-0.26,-0.95,-1.15,-0.69,-0.84,-0.99,-2.53,-1.48,-1.04,-0.13,-0.42,-1.22,-1.58,-1.22,-1.59,-0.21,-1.35
2018-05-22,1.62,-0.53,0.24,-1.04,0.26,0.23,-1.57,0.56,0.24,0.30,1.82,0.35,-0.03,-1.11,0.71,-0.15,0.55,-0.07,-0.30,-0.06,-0.44,0.34,-0.04,1.20,-0.83,-0.84,0.49,0.00
2018-05-21,0.08,0.02,1.66,0.67,0.63,2.59,0.30,-0.20,0.42,0.80,0.32,0.85,1.48,-0.03,1.01,0.86,1.08,1.65,0.57,1.18,0.95,2.17,1.20,2.59,0.04,0.79,1.21,1.15
2018-05-18,0.54,4.47,1.16,0.17,0.66,-0.24,1.00,0.91,0.00,0.64,0.14,0.82,0.52,0.62,0.63,0.55,0.88,0.14,0.50,-0.29,0.38,-0.06,0.61,0.50,1.30,1.45,0.52,0.75
2018-05-17,-0.01,0.68,1.18,-0.49,-0.63,-0.74,-1.46,-1.63,0.59,-0.84,-1.29,-0.26,-0.79,-0.40,-0.89,-0.97,-0.73,-0.57,-0.10,-1.03,-1.04,-0.36,-0.64,-0.05,-0.21,-0.86,-0.38,-0.36
2018-05-16,0.80,-0.49,-0.56,-0.88,-1.15,-0.74,-0.81,0.41,0.38,-0.30,1.10,-0.19,-0.42,-0.80,-0.16,0.31,-0.44,-0.05,-0.63,-0.85,0.22,-1.45,-0.69,-0.85,-1.37,-1.62,-0.83,-0.77
2018-05-15,0.92,0.06,1.12,0.01,0.36,0.61,0.03,0.85,0.62,0.87,1.94,1.01,0.31,0.51,0.58,0.52,0.41,0.66,0.54,0.83,1.61,2.12,1.18,0.86,-0.27,-0.25,0.85,1.25
2018-05-14,0.56,-0.51,-0.39,-0.07,0.05,1.00,1.71,2.30,-0.28,-0.46,0.00,-0.05,0.29,-0.51,0.16,0.48,-0.45,-0.23,-0.31,-0.27,-2.18,-1.51,-0.42,-0.10,0.80,0.93,0.27,-0.67
2018-05-11,-0.36,0.17,-0.52,0.19,1.35,-1.19,-1.05,-0.50,-0.91,-0.32,-2.26,-0.80,-0.73,-0.89,-0.87,-0.68,-0.99,-1.88,-0.74,-0.40,-0.69,-1.60,-0.88,-1.27,0.45,-0.89,-0.15,-1.27
2018-05-10,0.67,1.14,0.41,0.28,0.32,-0.06,0.34,1.43,0.76,0.88,2.04,0.15,0.47,0.61,0.11,1.52,0.13,0.37,0.42,0.19,-1.12,-0.94,0.44,0.13,0.14,0.48,0.59,0.22
2018-05-09,0.01,0.51,0.47,-1.02,-0.22,-0.02,-0.06,-0.28,-0.09,-0.19,0.07,0.18,0.02,-0.64,-0.40,0.62,-0.25,-0.34,-0.24,0.03,-0.73,-0.44,-0.41,-0.43,0.01,-0.56,0.27,0.27
2018-05-08,0.49,0.44,0.34,0.30,0.44,0.81,2.08,1.16,0.61,0.74,-0.11,0.46,0.70,1.51,0.97,0.97,0.49,0.97,0.56,0.45,0.98,0.57,0.62,0.53,1.28,1.74,1.19,0.62
2018-05-07,1.09,2.45,2.26,0.48,2.00,1.44,1.99,4.50,1.35,2.17,2.01,1.19,0.65,1.43,1.63,1.96,1.14,1.50,1.14,1.95,0.86,2.65,1.33,1.24,0.65,1.17,1.30,1.76
2018-05-04,0.51,0.02,0.24,-0.69,-0.23,-0.60,-1.34,-0.43,0.00,0.08,1.24,0.11,-0.05,-0.13,-0.03,-0.73,-0.39,0.45,-0.30,-0.55,0.17,-1.39,-0.49,-0.54,-0.76,-1.02,-0.36,-0.40
2018-05-03,1.13,0.68,1.04,0.53,0.28,2.17,2.20,1.25,1.03,0.84,-0.11,0.44,1.10,0.25,0.94,1.19,0.25,-0.06,0.21,0.80,-0.45,1.86,0.92,1.75,-0.29,1.58,0.93,1.08
2018-05-02,-0.04,-1.86,0.14,-0.81,-0.28,-0.41,1.03,0.90,0.31,0.33,0.98,0.20,-0.02,-0.25,0.52,2.13,-0.29,0.55,-0.17,-0.49,-0.64,-1.55,-0.54,-1.10,-0.27,0.48,-0.25,-0.97
2018-04-27,0.47,0.62,0.48,0.07,0.35,-0.36,-1.03,-2.52,0.14,-0.07,1.89,1.11,1.03,-0.29,0.61,0.09,-0.64,-0.02,0.32,-0.05,-1.53,-0.84,0.91,-0.22,0.58,-0.49,0.19,0.25
2018-04-26,-1.43,-1.19,-1.63,-1.05,-2.23,-2.88,-4.24,-2.37,-1.66,-2.03,-1.68,-1.57,-0.76,-1.78,-1.53,-1.79,-2.45,-2.21,-1.42,-1.80,-1.80,-1.83,-2.30,-2.18,-0.50,-2.72,-1.81,-1.60
2018-04-25,-0.53,-0.91,-0.20,-0.41,-0.57,-0.42,-0.48,0.47,0.19,0.12,2.27,-0.05,0.33,-0.93,0.63,0.07,0.02,-0.56,-0.41,-0.13,0.27,0.95,0.03,1.54,-1.04,-1.00,-0.16,0.25
2018-04-24,1.42,1.62,2.20,2.09,1.44,2.28,2.13,2.59,1.53,1.87,2.03,1.32,1.78,2.54,1.95,2.03,1.46,2.90,1.99,2.19,1.75,3.27,2.80,2.14,1.75,2.59,1.96,2.06
2018-04-23,-1.33,-0.07,-0.58,0.28,-1.14,-1.72,1.68,0.06,-0.66,-0.58,-0.84,-0.26,-0.05,-0.26,-0.39,-1.43,-0.69,-0.20,-0.24,-0.71,-4.14,-2.04,-0.96,0.50,0.35,1.11,-0.70,-0.31
2018-04-20,-1.20,-2.13,-2.12,-2.11,-2.43,-2.00,-0.47,-1.58,-1.73,-2.20,-1.34,-1.46,-1.61,-1.48,-2.30,-1.48,-1.48,-2.19,-1.95,-1.76,-0.86,-2.33,-2.37,-2.12,-0.81,-2.19,-2.07,-2.07
2018-04-19,0.51,2.06,0.34,2.13,2.36,0.53,3.65,2.80,0.22,-0.14,0.49,0.63,0.36,0.42,0.24,1.85,0.79,1.07,0.66,1.09,1.94,-0.65,0.08,-0.52,0.34,0.88,0.39,0.31
2018-04-18,-0.09,0.86,1.08,1.64,0.39,1.56,-0.72,-0.38,0.46,0.29,0.66,0.12,-0.02,0.61,0.25,0.47,0.69,0.21,0.69,1.62,2.22,4.51,1.08,0.79,1.10,0.96,-0.04,1.27
2018-04-17,-0.83,-1.25,-1.80,-0.43,-2.14,-3.07,-1.13,-1.52,-1.66,-1.88,-2.54,-1.42,-1.77,-1.36,-1.95,-5.00,-2.17,-1.48,-1.79,-2.31,-1.68,-3.95,-2.33,-2.94,-0.47,-0.88,-2.22,-1.99
2018-04-16,-0.55,-2.02,-1.03,-2.03,-1.18,-0.20,-2.33,-0.35,-0.70,-0.78,0.19,-0.86,-0.52,-2.58,-0.56,-0.03,-1.04,-1.94,-1.00,-0.66,-0.04,2.91,-0.47,0.58,-2.84,-2.46,-1.21,-0.92
2018-04-13,-0.54,0.03,-0.38,0.39,-0.60,0.04,-0.76,-1.29,0.11,-0.43,-1.78,-0.47,-0.29,-0.72,-0.36,0.36,-0.55,-0.59,-0.12,-0.14,0.43,1.04,-0.11,-0.26,-0.71,-0.98,0.19,-0.27
2018-04-12,-0.84,-0.88,-0.52,-0.78,-1.27,-0.67,-1.24,-0.90,-0.56,-0.29,0.43,-0.63,-0.93,-0.97,-0.59,0.43,-0.36,-1.24,-0.78,-0.93,-1.09,-0.62,-0.78,-1.00,-1.50,-0.92,-0.50,-0.62
2018-04-11,0.80,0.05,0.82,-0.54,1.03,0.48,0.37,0.48,0.73,0.99,-0.10,0.27,0.44,1.03,0.50,-0.44,0.32,-0.08,0.24,0.57,0.28,0.81,0.83,0.63,1.09,-0.67,-0.25,0.47
2018-04-10,-0.94,1.30,1.18,3.04,1.86,0.75,2.49,0.92,0.68,0.87,0.78,0.46,0.87,1.93,0.46,-0.03,0.84,1.39,1.27,0.13,-2.63,-0.81,0.18,0.33,3.01,2.41,0.43,0.33
2018-04-09,-1.08,-0.26,-0.12,1.31,0.62,-0.40,-2.08,-0.56,0.12,-0.58,0.18,-0.17,0.20,-0.69,-0.85,0.69,-0.64,1.08,-0.26,0.01,2.57,1.34,-0.30,0.53,0.00,1.26,0.32,0.03
2018-04-04,1.17,-1.06,-0.14,-1.65,-0.67,-1.62,0.81,2.90,-0.24,-0.39,-0.16,-0.58,-0.25,-0.57,-0.50,-0.19,-0.54,-1.36,-0.65,-0.80,0.40,-2.51,-1.33,-1.61,-0.04,-0.46,0.28,-0.60
2018-04-03,0.52,-1.28,-1.13,-1.76,-1.33,-1.11,-0.37,0.60,-0.95,-0.62,-0.07,-0.86,-0.42,-0.85,-0.83,-1.16,-1.28,-0.40,-1.01,-0.70,-0.87,-1.41,-2.00,-1.28,-0.85,-0.22,-1.22,-1.08
2018-04-02,1.23,-0.18,0.12,-0.07,0.00,0.74,-1.72,-0.48,-0.02,-0.38,-0.15,-0.24,-0.31,0.17,0.73,1.61,0.25,0.02,-0.05,-0.28,2.47,1.56,-0.37,0.44,-0.76,0.05,-0.16,0.68
2018-03-30,0.20,-0.06,0.58,-0.41,0.55,2.03,-0.48,-0.02,0.81,0.66,2.80,0.56,0.82,-0.95,0.40,0.09,0.72,0.34,0.67,1.53,3.59,3.68,1.62,2.35,-0.78,-0.59,1.43,1.36
2018-03-29,0.39,1.70,1.55,2.81,0.17,-0.30,3.02,2.54,0.80,1.04,-0.45,0.52,0.78,3.86,0.94,-0.89,0.99,2.40,1.08,0.58,-0.39,0.65,-0.16,0.72,1.50,1.88,0.73,1.12
2018-03-28,-1.68,-1.62,-1.46,-0.71,-1.74,-1.42,-2.86,-4.08,-0.75,-0.86,-0.77,-0.24,-1.22,-0.28,-1.64,-0.04,-0.86,-1.51,-0.25,-0.96,-1.40,-0.18,-0.85,-0.76,-0.05,-2.49,-2.11,-0.81
2018-03-27,1.50,1.16,1.44,1.07,2.58,2.86,-0.18,0.75,1.79,1.67,1.61,2.01,1.24,1.52,2.10,1.96,2.37,1.83,1.50,2.14,2.79,5.01,2.59,4.01,-0.18,0.62,1.40,2.14
2018-03-26,-1.32,-0.62,0.96,-1.03,2.11,2.09,-0.87,-0.50,0.06,0.88,2.78,0.45,-0.60,-0.47,0.61,-0.39,0.97,0.63,0.40,1.50,4.29,4.08,1.65,2.48,-2.38,-1.20,-0.14,0.50
2018-03-23,0.42,-4.60,-4.72,-5.80,-5.13,-5.49,-2.72,-2.28,-4.74,-4.47,-3.28,-3.84,-3.22,-3.27,-4.66,-2.82,-5.33,-5.28,-3.79,-4.74,-3.39,-6.28,-5.32,-6.71,-2.54,-4.24,-4.11,-4.78
2018-03-22,-0.15,0.26,-0.22,-0.94,0.17,-1.01,-2.36,-2.51,-0.04,-0.19,-0.89,-0.35,-0.55,-1.05,1.60,-0.70,0.31,-0.29,-0.38,0.07,-1.17,0.33,0.36,-0.69,-0.50,-0.81,-0.47,-0.12
2018-03-21,-0.06,-0.49,-0.46,-0.90,-0.76,-0.65,-1.23,-0.70,-0.28,-0.59,-1.13,-0.37,-0.07,0.34,-0.06,0.39,-0.40,-1.64,-0.34,-0.35,0.40,-1.95,-1.64,-0.76,0.08,-0.32,-0.73,-0.57
2018-03-20,0.35,0.31,0.23,0.57,-0.48,0.18,-0.89,-0.60,-0.05,0.24,2.45,-0.09,-0.12,-0.41,-0.59,-0.29,-0.24,0.88,0.15,0.44,0.49,0.13,0.31,0.48,0.50,-0.03,-0.61,0.00
2018-03-19,-0.91,-2.13,-0.09,-2.60,-0.30,0.80,-0.23,0.59,-0.17,0.06,2.02,0.24,-0.77,-1.55,0.41,0.70,-0.41,-1.36,-0.18,0.12,0.87,1.29,0.17,0.52,0.47,2.16,0.00,0.17
2018-03-16,-0.37,-1.60,-0.52,-1.18,-1.42,-1.75,-1.42,-1.31,-0.14,-0.14,-0.07,-0.31,-0.51,0.34,-0.02,-1.01,0.95,-0.27,-0.42,-0.38,-0.62,-0.32,-0.86,-0.91,-0.97,-0.53,0.07,-0.34
2018-03-15,-0.58,0.15,-0.51,-0.64,-0.14,-0.10,1.71,1.96,-0.08,-0.60,-0.04,-0.18,-0.08,-0.37,0.48,-0.72,-1.27,-0.87,-0.30,-0.12,0.21,-0.09,-0.10,-0.41,-0.10,0.97,-0.27,-0.61
2018-03-14,-1.04,0.27,-0.41,1.25,0.36,-1.37,-1.23,1.06,-0.84,-0.61,-0.76,-0.57,-1.06,-0.13,-0.95,-0.29,-1.59,1.85,-0.81,-0.84,-2.17,-2.73,-1.23,-1.32,-0.95,-0.79,-0.79,-1.05
2018-03-13,0.16,-0.35,-0.39,-0.59,-0.45,-1.08,-0.18,-1.11,0.09,-0.89,-1.32,-0.78,-0.52,-0.33,-0.57,-0.16,-0.71,0.21,-0.85,-0.54,-1.23,-0.07,-0.62,-1.11,-0.03,-1.96,-0.39,-0.78
2018-03-12,0.61,1.03,1.98,0.96,2.61,1.79,0.94,-0.33,1.30,1.22,0.91,0.38,0.65,-1.35,1.48,0.28,0.44,1.90,0.65,2.10,1.63,2.04,2.04,1.82,-0.45,0.86,1.49,1.31
2018-03-09,1.52,0.02,0.89,-1.62,0.28,2.96,0.72,0.63,1.18,0.79,0.93,0.31,0.90,0.00,1.30,1.54,0.91,0.27,0.65,1.83,1.58,3.38,2.86,3.23,0.14,1.05,1.25,1.48
2018-03-08,0.34,0.31,0.44,0.34,0.18,0.29,3.14,1.95,0.40,0.74,2.45,1.69,0.56,0.97,0.19,0.92,1.47,1.57,0.73,0.46,0.17,0.37,0.24,0.06,-0.02,1.22,0.61,0.59
2018-03-07,-0.48,-1.69,-1.09,-2.12,-1.07,-1.24,-0.22,-0.99,-0.59,-0.62,-0.41,0.02,-0.66,-1.06,-0.90,0.28,-0.49,-0.65,-0.78,-0.66,-1.38,-0.99,-1.18,-1.27,0.53,-1.00,-0.26,-0.66
2018-03-06,0.98,2.43,1.33,2.38,1.46,1.29,0.69,0.29,0.68,1.14,2.19,0.30,0.69,2.94,1.24,1.73,1.60,1.78,0.96,0.88,0.94,0.03,0.39,1.01,0.33,2.15,0.75,0.75
2018-03-05,-0.33,-0.80,-0.45,-1.66,-0.17,1.43,-0.74,-1.19,0.01,-0.08,0.80,0.34,0.40,0.15,0.86,-0.49,0.07,-1.06,0.24,0.36,1.20,2.19,0.60,1.03,-0.25,0.21,0.51,0.80
2018-03-02,-0.47,-1.23,-0.41,-2.72,-0.47,-1.86,0.85,-0.62,-0.24,-0.33,-0.42,0.27,-0.33,-0.26,-0.36,-1.16,-0.64,-0.84,-0.58,-0.58,-0.33,-1.05,-0.63,-1.00,-0.73,-1.47,0.16,-0.31
2018-03-01,0.75,-0.26,0.65,0.02,0.06,1.99,0.43,1.15,0.89,1.00,1.36,0.55,0.10,-0.24,0.71,2.19,0.55,1.51,0.23,1.59,0.84,4.54,1.53,1.48,0.24,0.87,0.62,1.23
2018-02-28,0.09,-0.27,-0.03,0.73,0.77,0.38,-0.24,-2.11,0.52,-0.08,-0.13,0.09,-0.73,0.44,-0.05,0.04,-0.02,-0.49,0.03,0.30,0.55,0.90,0.26,0.82,-1.38,-1.69,-0.51,-0.20
2018-02-27,-0.76,-2.76,-0.51,-2.42,-1.90,0.27,-3.89,-1.22,0.10,-0.55,-0.17,0.41,-0.75,-1.92,-0.24,-0.73,0.32,-2.31,-0.28,0.47,2.66,1.20,1.49,0.66,-2.07,-1.26,-0.32,0.30
2018-02-26,1.03,1.21,2.06,1.17,1.36,4.64,1.18,0.17,1.36,1.58,1.97,1.59,2.15,-0.39,1.39,0.25,2.06,2.49,1.50,2.51,2.63,3.06,2.50,3.52,0.07,1.53,2.03,2.08
2018-02-23,0.36,1.48,0.56,1.45,0.96,-0.16,-0.82,-0.38,-0.08,1.04,-0.12,0.89,0.50,1.17,0.02,0.54,0.33,0.92,1.35,-0.20,0.37,-0.29,-0.72,0.36,0.84,1.02,0.15,0.21
2018-02-22,1.07,2.03,2.35,1.64,3.14,2.18,1.92,3.67,2.08,1.57,1.57,1.28,3.01,1.60,1.67,2.87,2.13,2.24,1.82,1.32,1.26,2.75,2.10,1.76,1.98,1.44,1.85,1.46
2018-02-14,1.19,1.11,0.33,2.64,1.45,0.12,2.45,0.81,0.22,0.54,0.39,0.24,0.09,0.56,0.65,0.77,0.74,1.16,-0.08,0.61,-0.03,-0.36,-0.36,0.57,0.23,1.00,0.56,0.19
2018-02-13,0.13,0.54,0.68,0.48,0.50,0.29,0.97,1.00,-0.14,0.62,0.67,0.08,0.57,1.83,0.59,2.01,0.50,0.89,0.38,0.11,0.65,0.08,-0.57,0.07,1.48,1.80,0.50,0.49
2018-02-12,2.41,0.46,2.33,1.15,3.33,3.70,4.01,2.59,2.13,2.35,2.84,1.02,1.12,1.74,2.38,2.97,1.76,1.95,0.84,2.62,1.86,3.58,2.57,3.02,-0.91,0.10,2.27,2.06
2018-02-09,-3.35,-6.32,-3.79,-4.38,-4.59,-2.46,-3.00,-1.81,-2.79,-3.55,-2.83,-3.04,-3.64,-5.17,-3.39,-3.67,-3.33,-4.92,-5.03,-2.59,-4.48,-2.50,-3.49,-3.09,-3.45,-6.88,-3.17,-3.17
2018-02-08,0.64,-2.53,0.48,-1.24,-0.70,3.11,1.67,1.58,1.05,0.52,1.49,0.38,-0.62,-0.61,1.34,1.69,1.72,-0.82,-1.87,1.09,1.49,2.12,0.60,2.17,-3.33,-1.89,0.38,0.65
2018-02-07,0.23,-1.10,-0.41,-1.48,-0.24,0.44,-4.04,-3.33,-0.47,0.31,-0.37,-0.06,-1.13,-4.62,0.17,-0.46,-0.62,-1.14,-0.26,0.17,-0.61,1.40,1.01,0.21,-3.10,-2.03,-0.13,0.23
2018-02-06,-5.66,-4.86,-4.65,-3.78,-4.00,-5.28,-3.03,-1.87,-3.85,-4.37,-4.18,-3.40,-3.37,-4.66,-5.22,-5.87,-6.11,-5.35,-3.13,-3.86,-6.16,-5.78,-4.27,-5.32,-1.84,-3.47,-3.33,-4.32
2018-02-05,-0.16,1.17,0.42,2.02,-0.88,-1.25,-2.67,-3.58,0.64,0.41,-1.13,-0.29,0.95,0.25,-0.43,-1.39,-0.48,0.43,0.44,-1.57,-0.63,-1.11,-0.72,-0.63,3.38,0.37,-0.62,-0.25
2018-02-02,-0.33,4.67,0.27,3.62,2.47,0.96,0.25,-0.86,-1.34,-0.34,-0.28,-0.48,0.02,-0.13,-0.33,2.12,-0.55,1.85,-0.32,-0.66,0.60,0.03,0.49,0.12,-0.36,0.28,0.04,-0.74
2018-02-01,-4.05,-2.39,-2.97,0.42,-4.05,-3.17,-1.33,-1.47,-3.64,-3.21,-2.83,-2.81,-1.58,-1.78,-4.21,-1.57,-4.62,-2.56,-2.20,-3.87,-3.84,-3.49,-2.70,-4.65,0.90,-0.29,-2.88,-3.39
2018-01-31,-2.24,-1.64,-2.11,-0.32,-1.32,-2.18,1.40,1.93,-0.98,-1.39,-0.91,-2.37,-1.28,0.84,-1.37,0.18,-2.58,-0.91,-1.00,-2.25,-2.08,-3.56,-2.85,-1.79,1.71,-0.08,-1.42,-2.10
2018-01-30,-0.97,-0.77,0.22,-1.44,-0.51,-0.05,-1.44,-0.14,0.57,0.18,-0.06,-0.52,-0.24,-2.22,0.85,0.09,-0.30,-1.77,-1.46,0.25,-0.04,-0.05,-0.92,-1.12,-1.83,-0.65,-0.28,-0.28
2018-01-29,-0.84,1.68,-0.77,2.17,0.12,-2.69,-3.00,-4.05,-0.50,-0.70,-2.04,-0.58,-0.81,-1.12,-1.05,-0.97,-1.05,-0.78,-1.04,-1.26,-1.33,-1.96,-1.37,-3.78,-0.54,-2.45,-1.62,-1.53
2018-01-26,0.09,-0.21,-0.39,-0.89,-1.18,-0.82,1.45,0.76,0.53,0.05,-0.04,-0.34,0.98,1.08,-0.56,0.52,-0.56,1.66,0.64,-0.40,-0.52,0.18,0.03,-0.86,0.30,0.53,-0.17,-0.12
2018-01-25,-0.14,0.97,0.27,1.23,1.13,-0.61,-0.13,-0.67,-0.01,0.33,-0.85,0.18,0.50,-1.35,-0.43,-0.55,0.13,0.74,-0.27,-0.40,1.41,-0.80,-0.37,-0.41,-0.88,-1.80,-0.11,-0.05
2018-01-24,-0.12,-0.17,0.43,0.26,-0.56,0.60,-1.58,-1.30,0.37,-0.07,0.76,0.43,0.57,-0.20,0.60,0.67,0.28,-0.29,0.37,0.89,0.91,2.61,2.65,1.59,0.51,0.49,0.01,0.37
2018-01-23,0.84,0.92,0.06,-0.56,1.51,-0.30,0.22,0.07,0.11,0.22,-0.11,-0.18,0.73,2.22,-0.08,-0.08,0.33,0.48,0.32,0.49,-0.04,-0.25,0.58,-0.20,3.35,0.26,0.17,0.71
2018-01-22,1.36,0.88,0.67,1.74,1.21,1.15,5.92,3.25,0.23,0.32,1.10,0.56,0.67,0.33,1.94,2.14,0.33,0.78,0.59,0.84,0.44,1.70,2.48,0.43,-0.98,0.34,1.33,0.39
2018-01-19,-0.99,0.62,-0.42,0.43,0.20,0.33,-1.23,-0.97,-0.17,-0.23,-0.37,-0.28,0.27,-0.67,-0.08,-0.36,-0.04,-0.42,-0.28,0.11,1.44,0.29,-0.20,0.23,1.04,1.14,0.06,-0.43
2018-01-18,-0.32,0.29,1.29,1.90,0.19,-0.47,0.35,0.42,0.22,0.47,-0.18,-0.23,0.00,-0.58,-0.21,0.38,0.30,1.33,2.28,0.59,0.15,-0.45,-0.37,-0.20,2.15,0.30,-0.22,0.55
2018-01-17,-0.59,0.63,-0.92,1.10,-1.16,0.35,-3.01,-2.41,0.18,-0.62,-0.49,-0.10,-0.04,-1.18,0.35,-0.80,-0.34,-1.13,0.97,-0.22,0.15,-1.68,0.70,-0.56,1.11,1.41,-0.08,-0.24
2018-01-16,2.54,0.05,0.42,0.64,0.26,-0.81,-0.07,0.22,1.02,1.23,0.52,0.29,0.37,5.32,1.64,2.03,1.14,1.42,0.93,-0.06,-0.68,0.13,0.49,1.30,0.44,1.10,-0.04,0.73
2018-01-15,-2.19,-2.57,-1.46,-3.57,-3.54,-2.76,0.81,-0.26,-1.65,-1.30,-1.16,-1.53,-1.04,0.21,-1.64,0.29,-2.71,-1.04,-2.29,-2.89,-3.61,-3.31,-2.61,-2.33,1.53,1.24,-2.29,-2.41
2018-01-12,0.09,-0.14,-0.61,1.11,-0.85,-1.03,2.34,1.46,-0.45,0.20,0.29,-0.61,-0.30,0.79,-0.48,-0.18,-0.04,-0.14,-0.80,-0.11,-1.22,-1.86,-0.29,-1.53,0.41,0.95,0.14,-0.57
2018-01-11,0.22,-1.27,0.10,-1.75,0.31,0.58,-0.64,-1.03,0.39,0.30,0.01,0.00,-0.11,-0.13,0.75,-0.13,-0.12,-2.58,0.05,0.26,0.33,3.41,1.03,1.30,0.36,0.38,-0.15,0.23
2018-01-10,-0.68,-0.29,-0.69,-0.50,-0.97,-0.67,1.50,1.03,-0.62,-0.78,-0.65,-0.29,-0.70,-0.27,-0.67,0.29,-1.14,-0.22,-0.36,-1.06,-1.09,1.14,-0.18,-0.89,2.14,-0.30,-0.19,-0.91
2018-01-09,-0.33,-0.43,-0.51,-0.89,-0.06,0.92,2.67,3.04,-0.05,-0.51,1.45,-0.48,0.05,0.34,0.10,-0.34,-0.30,-0.73,-0.60,-0.36,0.49,-0.44,-0.28,0.14,0.01,0.71,-0.18,-0.34
2018-01-08,1.58,2.80,0.64,2.64,1.73,-0.59,0.16,0.46,-0.01,1.00,0.04,0.11,0.59,2.18,-0.18,0.50,-0.15,1.15,0.24,-0.41,-0.29,-0.32,-0.30,-0.47,-0.32,0.44,1.13,-0.37
2018-01-05,1.11,-0.44,0.02,-0.91,-0.59,-1.16,0.95,0.10,-0.03,0.11,0.07,-0.06,-0.11,3.55,0.21,-0.03,-0.30,0.30,0.95,-0.63,-0.41,-0.08,0.16,-0.79,0.31,-0.05,-0.33,-0.04
2018-01-04,0.33,1.91,1.20,0.75,1.04,0.39,1.46,2.45,0.03,0.23,0.48,-0.21,0.23,0.73,0.53,-0.24,0.34,1.00,-0.28,-0.16,0.02,-0.31,-0.37,0.06,-0.24,-0.24,-0.26,0.14
2018-01-03,0.66,0.01,0.69,0.47,0.99,1.43,0.21,0.97,0.36,0.38,0.42,1.43,1.53,0.59,0.83,2.70,2.01,0.89,1.01,0.90,1.03,1.19,0.38,2.33,0.26,-0.38,0.56,0.86
2018-01-02,0.82,2.82,2.54,3.09,0.88,0.38,1.92,0.34,0.90,1.21,0.46,1.01,0.16,2.66,0.58,0.05,0.59,4.21,1.52,0.74,0.45,1.02,0.59,0.22,1.30,2.22,0.49,1.62
